URL,Project,Station,Camera,FileName,DateTime,Species,Sex,Age,ID,IdvCount,Category,SciName,Behavior
http://localhost/var/www/html/ct_annotation/images/test/HC/HC20B/1060207-1060222/IMG_0001.JPG,,,,IMG_0001.JPG,2017-02-07 11:20:09,NA,NA,NA,NA,1,NA,NA,NA
http://localhost/var/www/html/ct_annotation/images/test/HC/HC20B/1060207-1060222/IMG_0002.JPG,,,,IMG_0002.JPG,2017-02-07 11:20:10,NA,NA,NA,NA,1,NA,NA,NA
http://localhost/var/www/html/ct_annotation/images/test/HC/HC20B/1060207-1060222/IMG_0003.JPG,,,,IMG_0003.JPG,2017-02-07 11:20:11,NA,NA,NA,NA,1,NA,NA,NA
http://localhost/var/www/html/ct_annotation/images/test/HC/HC20B/1060207-1060222/IMG_0004.JPG,,,,IMG_0004.JPG,2017-02-07 11:20:14,NA,NA,NA,NA,1,NA,NA,NA
http://localhost/var/www/html/ct_annotation/images/test/HC/HC20B/1060207-1060222/IMG_0005.JPG,,,,IMG_0005.JPG,2017-02-07 11:20:16,NA,NA,NA,NA,1,NA,NA,NA
http://localhost/var/www/html/ct_annotation/images/test/HC/HC20B/1060207-1060222/IMG_0006.JPG,,,,IMG_0006.JPG,2017-02-07 11:20:17,NA,NA,NA,NA,1,NA,NA,NA
http://localhost/var/www/html/ct_annotation/images/test/HC/HC20B/1060207-1060222/IMG_0007.JPG,,,,IMG_0007.JPG,2017-02-07 11:20:18,NA,NA,NA,NA,1,NA,NA,NA
http://localhost/var/www/html/ct_annotation/images/test/HC/HC20B/1060207-1060222/IMG_0008.JPG,,,,IMG_0008.JPG,2017-02-07 11:20:21,NA,NA,NA,NA,1,NA,NA,NA
http://localhost/var/www/html/ct_annotation/images/test/HC/HC20B/1060207-1060222/IMG_0009.JPG,,,,IMG_0009.JPG,2017-02-07 11:20:21,NA,NA,NA,NA,1,NA,NA,NA
http://localhost/var/www/html/ct_annotation/images/test/HC/HC20B/1060207-1060222/IMG_0010.JPG,,,,IMG_0010.JPG,2017-02-07 11:20:57,NA,NA,NA,NA,1,NA,NA,NA
http://localhost/var/www/html/ct_annotation/images/test/HC/HC20B/1060207-1060222/IMG_0011.JPG,,,,IMG_0011.JPG,2017-02-07 11:20:59,NA,NA,NA,NA,1,NA,NA,NA
http://localhost/var/www/html/ct_annotation/images/test/HC/HC20B/1060207-1060222/IMG_0012.JPG,,,,IMG_0012.JPG,2017-02-07 11:20:59,NA,NA,NA,NA,1,NA,NA,NA
http://localhost/var/www/html/ct_annotation/images/test/HC/HC20B/1060207-1060222/IMG_0013.JPG,,,,IMG_0013.JPG,2017-02-07 11:21:06,NA,NA,NA,NA,1,NA,NA,NA
http://localhost/var/www/html/ct_annotation/images/test/HC/HC20B/1060207-1060222/IMG_0014.JPG,,,,IMG_0014.JPG,2017-02-07 11:21:07,NA,NA,NA,NA,1,NA,NA,NA
http://localhost/var/www/html/ct_annotation/images/test/HC/HC20B/1060207-1060222/IMG_0015.JPG,,,,IMG_0015.JPG,2017-02-07 11:21:08,NA,NA,NA,NA,1,NA,NA,NA
http://localhost/var/www/html/ct_annotation/images/test/HC/HC20B/1060207-1060222/IMG_0016.JPG,,,,IMG_0016.JPG,2017-02-07 12:00:00,NA,NA,NA,NA,1,NA,NA,NA
http://localhost/var/www/html/ct_annotation/images/test/HC/HC20B/1060207-1060222/IMG_0017.JPG,,,,IMG_0017.JPG,2017-02-08 05:03:51,NA,NA,NA,NA,1,NA,NA,NA
http://localhost/var/www/html/ct_annotation/images/test/HC/HC20B/1060207-1060222/IMG_0018.JPG,,,,IMG_0018.JPG,2017-02-08 05:03:52,NA,NA,NA,NA,1,NA,NA,NA
http://localhost/var/www/html/ct_annotation/images/test/HC/HC20B/1060207-1060222/IMG_0019.JPG,,,,IMG_0019.JPG,2017-02-08 05:03:53,NA,NA,NA,NA,1,NA,NA,NA
http://localhost/var/www/html/ct_annotation/images/test/HC/HC20B/1060207-1060222/IMG_0020.JPG,,,,IMG_0020.JPG,2017-02-08 12:00:00,NA,NA,NA,NA,1,NA,NA,NA
http://localhost/var/www/html/ct_annotation/images/test/HC/HC20B/1060207-1060222/IMG_0021.JPG,,,,IMG_0021.JPG,2017-02-09 03:38:40,NA,NA,NA,NA,1,NA,NA,NA
http://localhost/var/www/html/ct_annotation/images/test/HC/HC20B/1060207-1060222/IMG_0022.JPG,,,,IMG_0022.JPG,2017-02-09 03:38:41,NA,NA,NA,NA,1,NA,NA,NA
http://localhost/var/www/html/ct_annotation/images/test/HC/HC20B/1060207-1060222/IMG_0023.JPG,,,,IMG_0023.JPG,2017-02-09 03:38:42,NA,NA,NA,NA,1,NA,NA,NA
http://localhost/var/www/html/ct_annotation/images/test/HC/HC20B/1060207-1060222/IMG_0024.JPG,,,,IMG_0024.JPG,2017-02-09 03:46:35,NA,NA,NA,NA,1,NA,NA,NA
http://localhost/var/www/html/ct_annotation/images/test/HC/HC20B/1060207-1060222/IMG_0025.JPG,,,,IMG_0025.JPG,2017-02-09 03:46:35,NA,NA,NA,NA,1,NA,NA,NA
http://localhost/var/www/html/ct_annotation/images/test/HC/HC20B/1060207-1060222/IMG_0026.JPG,,,,IMG_0026.JPG,2017-02-09 03:46:36,NA,NA,NA,NA,1,NA,NA,NA
http://localhost/var/www/html/ct_annotation/images/test/HC/HC20B/1060207-1060222/IMG_0027.JPG,,,,IMG_0027.JPG,2017-02-09 05:06:25,NA,NA,NA,NA,1,NA,NA,NA
http://localhost/var/www/html/ct_annotation/images/test/HC/HC20B/1060207-1060222/IMG_0028.JPG,,,,IMG_0028.JPG,2017-02-09 05:06:26,NA,NA,NA,NA,1,NA,NA,NA
http://localhost/var/www/html/ct_annotation/images/test/HC/HC20B/1060207-1060222/IMG_0029.JPG,,,,IMG_0029.JPG,2017-02-09 05:06:26,NA,NA,NA,NA,1,NA,NA,NA
http://localhost/var/www/html/ct_annotation/images/test/HC/HC20B/1060207-1060222/IMG_0030.JPG,,,,IMG_0030.JPG,2017-02-09 05:06:32,NA,NA,NA,NA,1,NA,NA,NA
http://localhost/var/www/html/ct_annotation/images/test/HC/HC20B/1060207-1060222/IMG_0031.JPG,,,,IMG_0031.JPG,2017-02-09 05:06:33,NA,NA,NA,NA,1,NA,NA,NA
http://localhost/var/www/html/ct_annotation/images/test/HC/HC20B/1060207-1060222/IMG_0032.JPG,,,,IMG_0032.JPG,2017-02-09 05:06:34,NA,NA,NA,NA,1,NA,NA,NA
http://localhost/var/www/html/ct_annotation/images/test/HC/HC20B/1060207-1060222/IMG_0033.JPG,,,,IMG_0033.JPG,2017-02-09 05:06:35,NA,NA,NA,NA,1,NA,NA,NA
http://localhost/var/www/html/ct_annotation/images/test/HC/HC20B/1060207-1060222/IMG_0034.JPG,,,,IMG_0034.JPG,2017-02-09 05:06:35,NA,NA,NA,NA,1,NA,NA,NA
http://localhost/var/www/html/ct_annotation/images/test/HC/HC20B/1060207-1060222/IMG_0035.JPG,,,,IMG_0035.JPG,2017-02-09 05:06:36,NA,NA,NA,NA,1,NA,NA,NA
http://localhost/var/www/html/ct_annotation/images/test/HC/HC20B/1060207-1060222/IMG_0036.JPG,,,,IMG_0036.JPG,2017-02-09 05:18:32,NA,NA,NA,NA,1,NA,NA,NA
http://localhost/var/www/html/ct_annotation/images/test/HC/HC20B/1060207-1060222/IMG_0037.JPG,,,,IMG_0037.JPG,2017-02-09 05:18:33,NA,NA,NA,NA,1,NA,NA,NA
http://localhost/var/www/html/ct_annotation/images/test/HC/HC20B/1060207-1060222/IMG_0038.JPG,,,,IMG_0038.JPG,2017-02-09 05:18:33,NA,NA,NA,NA,1,NA,NA,NA
http://localhost/var/www/html/ct_annotation/images/test/HC/HC20B/1060207-1060222/IMG_0039.JPG,,,,IMG_0039.JPG,2017-02-09 12:00:00,NA,NA,NA,NA,1,NA,NA,NA
http://localhost/var/www/html/ct_annotation/images/test/HC/HC20B/1060207-1060222/IMG_0040.JPG,,,,IMG_0040.JPG,2017-02-09 20:38:37,NA,NA,NA,NA,1,NA,NA,NA
http://localhost/var/www/html/ct_annotation/images/test/HC/HC20B/1060207-1060222/IMG_0041.JPG,,,,IMG_0041.JPG,2017-02-09 20:38:38,NA,NA,NA,NA,1,NA,NA,NA
http://localhost/var/www/html/ct_annotation/images/test/HC/HC20B/1060207-1060222/IMG_0042.JPG,,,,IMG_0042.JPG,2017-02-09 20:38:39,NA,NA,NA,NA,1,NA,NA,NA
http://localhost/var/www/html/ct_annotation/images/test/HC/HC20B/1060207-1060222/IMG_0043.JPG,,,,IMG_0043.JPG,2017-02-10 04:34:08,NA,NA,NA,NA,1,NA,NA,NA
http://localhost/var/www/html/ct_annotation/images/test/HC/HC20B/1060207-1060222/IMG_0044.JPG,,,,IMG_0044.JPG,2017-02-10 04:34:09,NA,NA,NA,NA,1,NA,NA,NA
http://localhost/var/www/html/ct_annotation/images/test/HC/HC20B/1060207-1060222/IMG_0045.JPG,,,,IMG_0045.JPG,2017-02-10 04:34:09,NA,NA,NA,NA,1,NA,NA,NA
http://localhost/var/www/html/ct_annotation/images/test/HC/HC20B/1060207-1060222/IMG_0046.JPG,,,,IMG_0046.JPG,2017-02-10 04:34:10,NA,NA,NA,NA,1,NA,NA,NA
http://localhost/var/www/html/ct_annotation/images/test/HC/HC20B/1060207-1060222/IMG_0047.JPG,,,,IMG_0047.JPG,2017-02-10 04:34:11,NA,NA,NA,NA,1,NA,NA,NA
http://localhost/var/www/html/ct_annotation/images/test/HC/HC20B/1060207-1060222/IMG_0048.JPG,,,,IMG_0048.JPG,2017-02-10 04:34:11,NA,NA,NA,NA,1,NA,NA,NA
http://localhost/var/www/html/ct_annotation/images/test/HC/HC20B/1060207-1060222/IMG_0049.JPG,,,,IMG_0049.JPG,2017-02-10 05:06:04,NA,NA,NA,NA,1,NA,NA,NA
http://localhost/var/www/html/ct_annotation/images/test/HC/HC20B/1060207-1060222/IMG_0050.JPG,,,,IMG_0050.JPG,2017-02-10 05:06:05,NA,NA,NA,NA,1,NA,NA,NA
http://localhost/var/www/html/ct_annotation/images/test/HC/HC20B/1060207-1060222/IMG_0051.JPG,,,,IMG_0051.JPG,2017-02-10 05:06:06,NA,NA,NA,NA,1,NA,NA,NA
http://localhost/var/www/html/ct_annotation/images/test/HC/HC20B/1060207-1060222/IMG_0052.JPG,,,,IMG_0052.JPG,2017-02-10 05:42:21,NA,NA,NA,NA,1,NA,NA,NA
http://localhost/var/www/html/ct_annotation/images/test/HC/HC20B/1060207-1060222/IMG_0053.JPG,,,,IMG_0053.JPG,2017-02-10 05:42:22,NA,NA,NA,NA,1,NA,NA,NA
http://localhost/var/www/html/ct_annotation/images/test/HC/HC20B/1060207-1060222/IMG_0054.JPG,,,,IMG_0054.JPG,2017-02-10 05:42:23,NA,NA,NA,NA,1,NA,NA,NA
http://localhost/var/www/html/ct_annotation/images/test/HC/HC20B/1060207-1060222/IMG_0055.JPG,,,,IMG_0055.JPG,2017-02-10 05:42:24,NA,NA,NA,NA,1,NA,NA,NA
http://localhost/var/www/html/ct_annotation/images/test/HC/HC20B/1060207-1060222/IMG_0056.JPG,,,,IMG_0056.JPG,2017-02-10 05:42:25,NA,NA,NA,NA,1,NA,NA,NA
http://localhost/var/www/html/ct_annotation/images/test/HC/HC20B/1060207-1060222/IMG_0057.JPG,,,,IMG_0057.JPG,2017-02-10 05:42:25,NA,NA,NA,NA,1,NA,NA,NA
http://localhost/var/www/html/ct_annotation/images/test/HC/HC20B/1060207-1060222/IMG_0058.JPG,,,,IMG_0058.JPG,2017-02-10 12:00:00,NA,NA,NA,NA,1,NA,NA,NA
http://localhost/var/www/html/ct_annotation/images/test/HC/HC20B/1060207-1060222/IMG_0059.JPG,,,,IMG_0059.JPG,2017-02-10 20:38:04,NA,NA,NA,NA,1,NA,NA,NA
http://localhost/var/www/html/ct_annotation/images/test/HC/HC20B/1060207-1060222/IMG_0060.JPG,,,,IMG_0060.JPG,2017-02-10 20:38:05,NA,NA,NA,NA,1,NA,NA,NA
http://localhost/var/www/html/ct_annotation/images/test/HC/HC20B/1060207-1060222/IMG_0061.JPG,,,,IMG_0061.JPG,2017-02-10 20:38:05,NA,NA,NA,NA,1,NA,NA,NA
http://localhost/var/www/html/ct_annotation/images/test/HC/HC20B/1060207-1060222/IMG_0062.JPG,,,,IMG_0062.JPG,2017-02-11 05:25:30,NA,NA,NA,NA,1,NA,NA,NA
http://localhost/var/www/html/ct_annotation/images/test/HC/HC20B/1060207-1060222/IMG_0063.JPG,,,,IMG_0063.JPG,2017-02-11 05:25:30,NA,NA,NA,NA,1,NA,NA,NA
http://localhost/var/www/html/ct_annotation/images/test/HC/HC20B/1060207-1060222/IMG_0064.JPG,,,,IMG_0064.JPG,2017-02-11 05:25:31,NA,NA,NA,NA,1,NA,NA,NA
http://localhost/var/www/html/ct_annotation/images/test/HC/HC20B/1060207-1060222/IMG_0065.JPG,,,,IMG_0065.JPG,2017-02-11 12:00:00,NA,NA,NA,NA,1,NA,NA,NA
http://localhost/var/www/html/ct_annotation/images/test/HC/HC20B/1060207-1060222/IMG_0066.JPG,,,,IMG_0066.JPG,2017-02-11 21:48:43,NA,NA,NA,NA,1,NA,NA,NA
http://localhost/var/www/html/ct_annotation/images/test/HC/HC20B/1060207-1060222/IMG_0067.JPG,,,,IMG_0067.JPG,2017-02-11 21:48:44,NA,NA,NA,NA,1,NA,NA,NA
http://localhost/var/www/html/ct_annotation/images/test/HC/HC20B/1060207-1060222/IMG_0068.JPG,,,,IMG_0068.JPG,2017-02-11 21:48:45,NA,NA,NA,NA,1,NA,NA,NA
http://localhost/var/www/html/ct_annotation/images/test/HC/HC20B/1060207-1060222/IMG_0069.JPG,,,,IMG_0069.JPG,2017-02-12 05:10:26,NA,NA,NA,NA,1,NA,NA,NA
http://localhost/var/www/html/ct_annotation/images/test/HC/HC20B/1060207-1060222/IMG_0070.JPG,,,,IMG_0070.JPG,2017-02-12 05:10:27,NA,NA,NA,NA,1,NA,NA,NA
http://localhost/var/www/html/ct_annotation/images/test/HC/HC20B/1060207-1060222/IMG_0071.JPG,,,,IMG_0071.JPG,2017-02-12 05:10:27,NA,NA,NA,NA,1,NA,NA,NA
http://localhost/var/www/html/ct_annotation/images/test/HC/HC20B/1060207-1060222/IMG_0072.JPG,,,,IMG_0072.JPG,2017-02-12 12:00:00,NA,NA,NA,NA,1,NA,NA,NA
http://localhost/var/www/html/ct_annotation/images/test/HC/HC20B/1060207-1060222/IMG_0073.JPG,,,,IMG_0073.JPG,2017-02-12 21:14:37,NA,NA,NA,NA,1,NA,NA,NA
http://localhost/var/www/html/ct_annotation/images/test/HC/HC20B/1060207-1060222/IMG_0074.JPG,,,,IMG_0074.JPG,2017-02-12 21:14:38,NA,NA,NA,NA,1,NA,NA,NA
http://localhost/var/www/html/ct_annotation/images/test/HC/HC20B/1060207-1060222/IMG_0075.JPG,,,,IMG_0075.JPG,2017-02-12 21:14:38,NA,NA,NA,NA,1,NA,NA,NA
http://localhost/var/www/html/ct_annotation/images/test/HC/HC20B/1060207-1060222/IMG_0076.JPG,,,,IMG_0076.JPG,2017-02-12 21:14:42,NA,NA,NA,NA,1,NA,NA,NA
http://localhost/var/www/html/ct_annotation/images/test/HC/HC20B/1060207-1060222/IMG_0077.JPG,,,,IMG_0077.JPG,2017-02-12 21:14:43,NA,NA,NA,NA,1,NA,NA,NA
http://localhost/var/www/html/ct_annotation/images/test/HC/HC20B/1060207-1060222/IMG_0078.JPG,,,,IMG_0078.JPG,2017-02-12 21:14:43,NA,NA,NA,NA,1,NA,NA,NA
http://localhost/var/www/html/ct_annotation/images/test/HC/HC20B/1060207-1060222/IMG_0079.JPG,,,,IMG_0079.JPG,2017-02-12 21:14:45,NA,NA,NA,NA,1,NA,NA,NA
http://localhost/var/www/html/ct_annotation/images/test/HC/HC20B/1060207-1060222/IMG_0080.JPG,,,,IMG_0080.JPG,2017-02-12 21:14:45,NA,NA,NA,NA,1,NA,NA,NA
http://localhost/var/www/html/ct_annotation/images/test/HC/HC20B/1060207-1060222/IMG_0081.JPG,,,,IMG_0081.JPG,2017-02-12 21:14:46,NA,NA,NA,NA,1,NA,NA,NA
http://localhost/var/www/html/ct_annotation/images/test/HC/HC20B/1060207-1060222/IMG_0082.JPG,,,,IMG_0082.JPG,2017-02-13 04:54:48,NA,NA,NA,NA,1,NA,NA,NA
http://localhost/var/www/html/ct_annotation/images/test/HC/HC20B/1060207-1060222/IMG_0083.JPG,,,,IMG_0083.JPG,2017-02-13 04:54:50,NA,NA,NA,NA,1,NA,NA,NA
http://localhost/var/www/html/ct_annotation/images/test/HC/HC20B/1060207-1060222/IMG_0084.JPG,,,,IMG_0084.JPG,2017-02-13 04:54:51,NA,NA,NA,NA,1,NA,NA,NA
http://localhost/var/www/html/ct_annotation/images/test/HC/HC20B/1060207-1060222/IMG_0085.JPG,,,,IMG_0085.JPG,2017-02-13 04:54:51,NA,NA,NA,NA,1,NA,NA,NA
http://localhost/var/www/html/ct_annotation/images/test/HC/HC20B/1060207-1060222/IMG_0086.JPG,,,,IMG_0086.JPG,2017-02-13 04:54:52,NA,NA,NA,NA,1,NA,NA,NA
http://localhost/var/www/html/ct_annotation/images/test/HC/HC20B/1060207-1060222/IMG_0087.JPG,,,,IMG_0087.JPG,2017-02-13 04:54:53,NA,NA,NA,NA,1,NA,NA,NA
http://localhost/var/www/html/ct_annotation/images/test/HC/HC20B/1060207-1060222/IMG_0088.JPG,,,,IMG_0088.JPG,2017-02-13 12:00:00,NA,NA,NA,NA,1,NA,NA,NA
http://localhost/var/www/html/ct_annotation/images/test/HC/HC20B/1060207-1060222/IMG_0089.JPG,,,,IMG_0089.JPG,2017-02-13 19:42:17,NA,NA,NA,NA,1,NA,NA,NA
http://localhost/var/www/html/ct_annotation/images/test/HC/HC20B/1060207-1060222/IMG_0090.JPG,,,,IMG_0090.JPG,2017-02-13 19:42:18,NA,NA,NA,NA,1,NA,NA,NA
http://localhost/var/www/html/ct_annotation/images/test/HC/HC20B/1060207-1060222/IMG_0091.JPG,,,,IMG_0091.JPG,2017-02-13 19:42:19,NA,NA,NA,NA,1,NA,NA,NA
http://localhost/var/www/html/ct_annotation/images/test/HC/HC20B/1060207-1060222/IMG_0092.JPG,,,,IMG_0092.JPG,2017-02-13 20:11:08,NA,NA,NA,NA,1,NA,NA,NA
http://localhost/var/www/html/ct_annotation/images/test/HC/HC20B/1060207-1060222/IMG_0093.JPG,,,,IMG_0093.JPG,2017-02-13 20:11:09,NA,NA,NA,NA,1,NA,NA,NA
http://localhost/var/www/html/ct_annotation/images/test/HC/HC20B/1060207-1060222/IMG_0094.JPG,,,,IMG_0094.JPG,2017-02-13 20:11:09,NA,NA,NA,NA,1,NA,NA,NA
http://localhost/var/www/html/ct_annotation/images/test/HC/HC20B/1060207-1060222/IMG_0095.JPG,,,,IMG_0095.JPG,2017-02-13 22:13:05,NA,NA,NA,NA,1,NA,NA,NA
http://localhost/var/www/html/ct_annotation/images/test/HC/HC20B/1060207-1060222/IMG_0096.JPG,,,,IMG_0096.JPG,2017-02-13 22:13:05,NA,NA,NA,NA,1,NA,NA,NA
http://localhost/var/www/html/ct_annotation/images/test/HC/HC20B/1060207-1060222/IMG_0097.JPG,,,,IMG_0097.JPG,2017-02-13 22:13:06,NA,NA,NA,NA,1,NA,NA,NA
http://localhost/var/www/html/ct_annotation/images/test/HC/HC20B/1060207-1060222/IMG_0098.JPG,,,,IMG_0098.JPG,2017-02-13 23:30:30,NA,NA,NA,NA,1,NA,NA,NA
http://localhost/var/www/html/ct_annotation/images/test/HC/HC20B/1060207-1060222/IMG_0099.JPG,,,,IMG_0099.JPG,2017-02-13 23:30:30,NA,NA,NA,NA,1,NA,NA,NA
http://localhost/var/www/html/ct_annotation/images/test/HC/HC20B/1060207-1060222/IMG_0100.JPG,,,,IMG_0100.JPG,2017-02-13 23:30:31,NA,NA,NA,NA,1,NA,NA,NA
http://localhost/var/www/html/ct_annotation/images/test/HC/HC20B/1060207-1060222/IMG_0101.JPG,,,,IMG_0101.JPG,2017-02-14 06:16:00,NA,NA,NA,NA,1,NA,NA,NA
http://localhost/var/www/html/ct_annotation/images/test/HC/HC20B/1060207-1060222/IMG_0102.JPG,,,,IMG_0102.JPG,2017-02-14 06:16:01,NA,NA,NA,NA,1,NA,NA,NA
http://localhost/var/www/html/ct_annotation/images/test/HC/HC20B/1060207-1060222/IMG_0103.JPG,,,,IMG_0103.JPG,2017-02-14 06:16:02,NA,NA,NA,NA,1,NA,NA,NA
http://localhost/var/www/html/ct_annotation/images/test/HC/HC20B/1060207-1060222/IMG_0104.JPG,,,,IMG_0104.JPG,2017-02-14 06:16:03,NA,NA,NA,NA,1,NA,NA,NA
http://localhost/var/www/html/ct_annotation/images/test/HC/HC20B/1060207-1060222/IMG_0105.JPG,,,,IMG_0105.JPG,2017-02-14 06:16:04,NA,NA,NA,NA,1,NA,NA,NA
http://localhost/var/www/html/ct_annotation/images/test/HC/HC20B/1060207-1060222/IMG_0106.JPG,,,,IMG_0106.JPG,2017-02-14 06:16:04,NA,NA,NA,NA,1,NA,NA,NA
http://localhost/var/www/html/ct_annotation/images/test/HC/HC20B/1060207-1060222/IMG_0107.JPG,,,,IMG_0107.JPG,2017-02-14 06:16:09,NA,NA,NA,NA,1,NA,NA,NA
http://localhost/var/www/html/ct_annotation/images/test/HC/HC20B/1060207-1060222/IMG_0108.JPG,,,,IMG_0108.JPG,2017-02-14 06:16:09,NA,NA,NA,NA,1,NA,NA,NA
http://localhost/var/www/html/ct_annotation/images/test/HC/HC20B/1060207-1060222/IMG_0109.JPG,,,,IMG_0109.JPG,2017-02-14 06:16:11,NA,NA,NA,NA,1,NA,NA,NA
http://localhost/var/www/html/ct_annotation/images/test/HC/HC20B/1060207-1060222/IMG_0110.JPG,,,,IMG_0110.JPG,2017-02-14 06:16:18,NA,NA,NA,NA,1,NA,NA,NA
http://localhost/var/www/html/ct_annotation/images/test/HC/HC20B/1060207-1060222/IMG_0111.JPG,,,,IMG_0111.JPG,2017-02-14 06:16:20,NA,NA,NA,NA,1,NA,NA,NA
http://localhost/var/www/html/ct_annotation/images/test/HC/HC20B/1060207-1060222/IMG_0112.JPG,,,,IMG_0112.JPG,2017-02-14 06:16:20,NA,NA,NA,NA,1,NA,NA,NA
http://localhost/var/www/html/ct_annotation/images/test/HC/HC20B/1060207-1060222/IMG_0113.JPG,,,,IMG_0113.JPG,2017-02-14 12:00:00,NA,NA,NA,NA,1,NA,NA,NA
http://localhost/var/www/html/ct_annotation/images/test/HC/HC20B/1060207-1060222/IMG_0114.JPG,,,,IMG_0114.JPG,2017-02-14 23:55:11,NA,NA,NA,NA,1,NA,NA,NA
http://localhost/var/www/html/ct_annotation/images/test/HC/HC20B/1060207-1060222/IMG_0115.JPG,,,,IMG_0115.JPG,2017-02-14 23:55:12,NA,NA,NA,NA,1,NA,NA,NA
http://localhost/var/www/html/ct_annotation/images/test/HC/HC20B/1060207-1060222/IMG_0116.JPG,,,,IMG_0116.JPG,2017-02-14 23:55:12,NA,NA,NA,NA,1,NA,NA,NA
http://localhost/var/www/html/ct_annotation/images/test/HC/HC20B/1060207-1060222/IMG_0117.JPG,,,,IMG_0117.JPG,2017-02-15 03:16:32,NA,NA,NA,NA,1,NA,NA,NA
http://localhost/var/www/html/ct_annotation/images/test/HC/HC20B/1060207-1060222/IMG_0118.JPG,,,,IMG_0118.JPG,2017-02-15 03:16:33,NA,NA,NA,NA,1,NA,NA,NA
http://localhost/var/www/html/ct_annotation/images/test/HC/HC20B/1060207-1060222/IMG_0119.JPG,,,,IMG_0119.JPG,2017-02-15 03:16:33,NA,NA,NA,NA,1,NA,NA,NA
http://localhost/var/www/html/ct_annotation/images/test/HC/HC20B/1060207-1060222/IMG_0120.JPG,,,,IMG_0120.JPG,2017-02-15 03:16:34,NA,NA,NA,NA,1,NA,NA,NA
http://localhost/var/www/html/ct_annotation/images/test/HC/HC20B/1060207-1060222/IMG_0121.JPG,,,,IMG_0121.JPG,2017-02-15 03:16:35,NA,NA,NA,NA,1,NA,NA,NA
http://localhost/var/www/html/ct_annotation/images/test/HC/HC20B/1060207-1060222/IMG_0122.JPG,,,,IMG_0122.JPG,2017-02-15 03:16:35,NA,NA,NA,NA,1,NA,NA,NA
http://localhost/var/www/html/ct_annotation/images/test/HC/HC20B/1060207-1060222/IMG_0123.JPG,,,,IMG_0123.JPG,2017-02-15 12:00:00,NA,NA,NA,NA,1,NA,NA,NA
http://localhost/var/www/html/ct_annotation/images/test/HC/HC20B/1060207-1060222/IMG_0124.JPG,,,,IMG_0124.JPG,2017-02-15 21:53:07,NA,NA,NA,NA,1,NA,NA,NA
http://localhost/var/www/html/ct_annotation/images/test/HC/HC20B/1060207-1060222/IMG_0125.JPG,,,,IMG_0125.JPG,2017-02-15 21:53:08,NA,NA,NA,NA,1,NA,NA,NA
http://localhost/var/www/html/ct_annotation/images/test/HC/HC20B/1060207-1060222/IMG_0126.JPG,,,,IMG_0126.JPG,2017-02-15 21:53:08,NA,NA,NA,NA,1,NA,NA,NA
http://localhost/var/www/html/ct_annotation/images/test/HC/HC20B/1060207-1060222/IMG_0127.JPG,,,,IMG_0127.JPG,2017-02-15 22:53:29,NA,NA,NA,NA,1,NA,NA,NA
http://localhost/var/www/html/ct_annotation/images/test/HC/HC20B/1060207-1060222/IMG_0128.JPG,,,,IMG_0128.JPG,2017-02-15 22:53:30,NA,NA,NA,NA,1,NA,NA,NA
http://localhost/var/www/html/ct_annotation/images/test/HC/HC20B/1060207-1060222/IMG_0129.JPG,,,,IMG_0129.JPG,2017-02-15 22:53:30,NA,NA,NA,NA,1,NA,NA,NA
http://localhost/var/www/html/ct_annotation/images/test/HC/HC20B/1060207-1060222/IMG_0130.JPG,,,,IMG_0130.JPG,2017-02-15 23:27:03,NA,NA,NA,NA,1,NA,NA,NA
http://localhost/var/www/html/ct_annotation/images/test/HC/HC20B/1060207-1060222/IMG_0131.JPG,,,,IMG_0131.JPG,2017-02-15 23:27:04,NA,NA,NA,NA,1,NA,NA,NA
http://localhost/var/www/html/ct_annotation/images/test/HC/HC20B/1060207-1060222/IMG_0132.JPG,,,,IMG_0132.JPG,2017-02-15 23:27:04,NA,NA,NA,NA,1,NA,NA,NA
http://localhost/var/www/html/ct_annotation/images/test/HC/HC20B/1060207-1060222/IMG_0133.JPG,,,,IMG_0133.JPG,2017-02-16 03:56:09,NA,NA,NA,NA,1,NA,NA,NA
http://localhost/var/www/html/ct_annotation/images/test/HC/HC20B/1060207-1060222/IMG_0134.JPG,,,,IMG_0134.JPG,2017-02-16 03:56:10,NA,NA,NA,NA,1,NA,NA,NA
http://localhost/var/www/html/ct_annotation/images/test/HC/HC20B/1060207-1060222/IMG_0135.JPG,,,,IMG_0135.JPG,2017-02-16 03:56:11,NA,NA,NA,NA,1,NA,NA,NA
http://localhost/var/www/html/ct_annotation/images/test/HC/HC20B/1060207-1060222/IMG_0136.JPG,,,,IMG_0136.JPG,2017-02-16 03:56:12,NA,NA,NA,NA,1,NA,NA,NA
http://localhost/var/www/html/ct_annotation/images/test/HC/HC20B/1060207-1060222/IMG_0137.JPG,,,,IMG_0137.JPG,2017-02-16 03:56:12,NA,NA,NA,NA,1,NA,NA,NA
http://localhost/var/www/html/ct_annotation/images/test/HC/HC20B/1060207-1060222/IMG_0138.JPG,,,,IMG_0138.JPG,2017-02-16 03:56:13,NA,NA,NA,NA,1,NA,NA,NA
http://localhost/var/www/html/ct_annotation/images/test/HC/HC20B/1060207-1060222/IMG_0139.JPG,,,,IMG_0139.JPG,2017-02-16 04:49:43,NA,NA,NA,NA,1,NA,NA,NA
http://localhost/var/www/html/ct_annotation/images/test/HC/HC20B/1060207-1060222/IMG_0140.JPG,,,,IMG_0140.JPG,2017-02-16 04:49:43,NA,NA,NA,NA,1,NA,NA,NA
http://localhost/var/www/html/ct_annotation/images/test/HC/HC20B/1060207-1060222/IMG_0141.JPG,,,,IMG_0141.JPG,2017-02-16 04:49:44,NA,NA,NA,NA,1,NA,NA,NA
http://localhost/var/www/html/ct_annotation/images/test/HC/HC20B/1060207-1060222/IMG_0142.JPG,,,,IMG_0142.JPG,2017-02-16 12:00:00,NA,NA,NA,NA,1,NA,NA,NA
http://localhost/var/www/html/ct_annotation/images/test/HC/HC20B/1060207-1060222/IMG_0143.JPG,,,,IMG_0143.JPG,2017-02-16 21:28:42,NA,NA,NA,NA,1,NA,NA,NA
http://localhost/var/www/html/ct_annotation/images/test/HC/HC20B/1060207-1060222/IMG_0144.JPG,,,,IMG_0144.JPG,2017-02-16 21:28:42,NA,NA,NA,NA,1,NA,NA,NA
http://localhost/var/www/html/ct_annotation/images/test/HC/HC20B/1060207-1060222/IMG_0145.JPG,,,,IMG_0145.JPG,2017-02-16 21:28:43,NA,NA,NA,NA,1,NA,NA,NA
http://localhost/var/www/html/ct_annotation/images/test/HC/HC20B/1060207-1060222/IMG_0146.JPG,,,,IMG_0146.JPG,2017-02-16 22:05:04,NA,NA,NA,NA,1,NA,NA,NA
http://localhost/var/www/html/ct_annotation/images/test/HC/HC20B/1060207-1060222/IMG_0147.JPG,,,,IMG_0147.JPG,2017-02-16 22:05:05,NA,NA,NA,NA,1,NA,NA,NA
http://localhost/var/www/html/ct_annotation/images/test/HC/HC20B/1060207-1060222/IMG_0148.JPG,,,,IMG_0148.JPG,2017-02-16 22:05:05,NA,NA,NA,NA,1,NA,NA,NA
http://localhost/var/www/html/ct_annotation/images/test/HC/HC20B/1060207-1060222/IMG_0149.JPG,,,,IMG_0149.JPG,2017-02-16 23:40:58,NA,NA,NA,NA,1,NA,NA,NA
http://localhost/var/www/html/ct_annotation/images/test/HC/HC20B/1060207-1060222/IMG_0150.JPG,,,,IMG_0150.JPG,2017-02-16 23:40:59,NA,NA,NA,NA,1,NA,NA,NA
http://localhost/var/www/html/ct_annotation/images/test/HC/HC20B/1060207-1060222/IMG_0151.JPG,,,,IMG_0151.JPG,2017-02-16 23:41:00,NA,NA,NA,NA,1,NA,NA,NA
http://localhost/var/www/html/ct_annotation/images/test/HC/HC20B/1060207-1060222/IMG_0152.JPG,,,,IMG_0152.JPG,2017-02-17 12:00:00,NA,NA,NA,NA,1,NA,NA,NA
http://localhost/var/www/html/ct_annotation/images/test/HC/HC20B/1060207-1060222/IMG_0153.JPG,,,,IMG_0153.JPG,2017-02-17 18:58:02,NA,NA,NA,NA,1,NA,NA,NA
http://localhost/var/www/html/ct_annotation/images/test/HC/HC20B/1060207-1060222/IMG_0154.JPG,,,,IMG_0154.JPG,2017-02-17 18:58:03,NA,NA,NA,NA,1,NA,NA,NA
http://localhost/var/www/html/ct_annotation/images/test/HC/HC20B/1060207-1060222/IMG_0155.JPG,,,,IMG_0155.JPG,2017-02-17 18:58:04,NA,NA,NA,NA,1,NA,NA,NA
http://localhost/var/www/html/ct_annotation/images/test/HC/HC20B/1060207-1060222/IMG_0156.JPG,,,,IMG_0156.JPG,2017-02-17 18:58:05,NA,NA,NA,NA,1,NA,NA,NA
http://localhost/var/www/html/ct_annotation/images/test/HC/HC20B/1060207-1060222/IMG_0157.JPG,,,,IMG_0157.JPG,2017-02-17 18:58:06,NA,NA,NA,NA,1,NA,NA,NA
http://localhost/var/www/html/ct_annotation/images/test/HC/HC20B/1060207-1060222/IMG_0158.JPG,,,,IMG_0158.JPG,2017-02-17 18:58:07,NA,NA,NA,NA,1,NA,NA,NA
http://localhost/var/www/html/ct_annotation/images/test/HC/HC20B/1060207-1060222/IMG_0159.JPG,,,,IMG_0159.JPG,2017-02-17 18:58:08,NA,NA,NA,NA,1,NA,NA,NA
http://localhost/var/www/html/ct_annotation/images/test/HC/HC20B/1060207-1060222/IMG_0160.JPG,,,,IMG_0160.JPG,2017-02-17 18:58:08,NA,NA,NA,NA,1,NA,NA,NA
http://localhost/var/www/html/ct_annotation/images/test/HC/HC20B/1060207-1060222/IMG_0161.JPG,,,,IMG_0161.JPG,2017-02-17 18:58:09,NA,NA,NA,NA,1,NA,NA,NA
http://localhost/var/www/html/ct_annotation/images/test/HC/HC20B/1060207-1060222/IMG_0162.JPG,,,,IMG_0162.JPG,2017-02-18 01:56:18,NA,NA,NA,NA,1,NA,NA,NA
http://localhost/var/www/html/ct_annotation/images/test/HC/HC20B/1060207-1060222/IMG_0163.JPG,,,,IMG_0163.JPG,2017-02-18 01:56:19,NA,NA,NA,NA,1,NA,NA,NA
http://localhost/var/www/html/ct_annotation/images/test/HC/HC20B/1060207-1060222/IMG_0164.JPG,,,,IMG_0164.JPG,2017-02-18 01:56:19,NA,NA,NA,NA,1,NA,NA,NA
http://localhost/var/www/html/ct_annotation/images/test/HC/HC20B/1060207-1060222/IMG_0165.JPG,,,,IMG_0165.JPG,2017-02-18 12:00:00,NA,NA,NA,NA,1,NA,NA,NA
http://localhost/var/www/html/ct_annotation/images/test/HC/HC20B/1060207-1060222/IMG_0166.JPG,,,,IMG_0166.JPG,2017-02-19 00:41:20,NA,NA,NA,NA,1,NA,NA,NA
http://localhost/var/www/html/ct_annotation/images/test/HC/HC20B/1060207-1060222/IMG_0167.JPG,,,,IMG_0167.JPG,2017-02-19 00:41:21,NA,NA,NA,NA,1,NA,NA,NA
http://localhost/var/www/html/ct_annotation/images/test/HC/HC20B/1060207-1060222/IMG_0168.JPG,,,,IMG_0168.JPG,2017-02-19 00:41:22,NA,NA,NA,NA,1,NA,NA,NA
http://localhost/var/www/html/ct_annotation/images/test/HC/HC20B/1060207-1060222/IMG_0169.JPG,,,,IMG_0169.JPG,2017-02-19 12:00:00,NA,NA,NA,NA,1,NA,NA,NA
http://localhost/var/www/html/ct_annotation/images/test/HC/HC20B/1060207-1060222/IMG_0170.JPG,,,,IMG_0170.JPG,2017-02-19 22:43:21,NA,NA,NA,NA,1,NA,NA,NA
http://localhost/var/www/html/ct_annotation/images/test/HC/HC20B/1060207-1060222/IMG_0171.JPG,,,,IMG_0171.JPG,2017-02-19 22:43:22,NA,NA,NA,NA,1,NA,NA,NA
http://localhost/var/www/html/ct_annotation/images/test/HC/HC20B/1060207-1060222/IMG_0172.JPG,,,,IMG_0172.JPG,2017-02-19 22:43:22,NA,NA,NA,NA,1,NA,NA,NA
http://localhost/var/www/html/ct_annotation/images/test/HC/HC20B/1060207-1060222/IMG_0173.JPG,,,,IMG_0173.JPG,2017-02-19 22:43:29,NA,NA,NA,NA,1,NA,NA,NA
http://localhost/var/www/html/ct_annotation/images/test/HC/HC20B/1060207-1060222/IMG_0174.JPG,,,,IMG_0174.JPG,2017-02-19 22:43:30,NA,NA,NA,NA,1,NA,NA,NA
http://localhost/var/www/html/ct_annotation/images/test/HC/HC20B/1060207-1060222/IMG_0175.JPG,,,,IMG_0175.JPG,2017-02-19 22:43:30,NA,NA,NA,NA,1,NA,NA,NA
http://localhost/var/www/html/ct_annotation/images/test/HC/HC20B/1060207-1060222/IMG_0176.JPG,,,,IMG_0176.JPG,2017-02-20 00:45:13,NA,NA,NA,NA,1,NA,NA,NA
http://localhost/var/www/html/ct_annotation/images/test/HC/HC20B/1060207-1060222/IMG_0177.JPG,,,,IMG_0177.JPG,2017-02-20 00:45:14,NA,NA,NA,NA,1,NA,NA,NA
http://localhost/var/www/html/ct_annotation/images/test/HC/HC20B/1060207-1060222/IMG_0178.JPG,,,,IMG_0178.JPG,2017-02-20 00:45:14,NA,NA,NA,NA,1,NA,NA,NA
http://localhost/var/www/html/ct_annotation/images/test/HC/HC20B/1060207-1060222/IMG_0179.JPG,,,,IMG_0179.JPG,2017-02-20 00:45:25,NA,NA,NA,NA,1,NA,NA,NA
http://localhost/var/www/html/ct_annotation/images/test/HC/HC20B/1060207-1060222/IMG_0180.JPG,,,,IMG_0180.JPG,2017-02-20 00:45:25,NA,NA,NA,NA,1,NA,NA,NA
http://localhost/var/www/html/ct_annotation/images/test/HC/HC20B/1060207-1060222/IMG_0181.JPG,,,,IMG_0181.JPG,2017-02-20 00:45:26,NA,NA,NA,NA,1,NA,NA,NA
http://localhost/var/www/html/ct_annotation/images/test/HC/HC20B/1060207-1060222/IMG_0182.JPG,,,,IMG_0182.JPG,2017-02-20 00:45:27,NA,NA,NA,NA,1,NA,NA,NA
http://localhost/var/www/html/ct_annotation/images/test/HC/HC20B/1060207-1060222/IMG_0183.JPG,,,,IMG_0183.JPG,2017-02-20 00:45:28,NA,NA,NA,NA,1,NA,NA,NA
http://localhost/var/www/html/ct_annotation/images/test/HC/HC20B/1060207-1060222/IMG_0184.JPG,,,,IMG_0184.JPG,2017-02-20 00:45:28,NA,NA,NA,NA,1,NA,NA,NA
http://localhost/var/www/html/ct_annotation/images/test/HC/HC20B/1060207-1060222/IMG_0185.JPG,,,,IMG_0185.JPG,2017-02-20 00:45:33,NA,NA,NA,NA,1,NA,NA,NA
http://localhost/var/www/html/ct_annotation/images/test/HC/HC20B/1060207-1060222/IMG_0186.JPG,,,,IMG_0186.JPG,2017-02-20 00:45:35,NA,NA,NA,NA,1,NA,NA,NA
http://localhost/var/www/html/ct_annotation/images/test/HC/HC20B/1060207-1060222/IMG_0187.JPG,,,,IMG_0187.JPG,2017-02-20 00:45:35,NA,NA,NA,NA,1,NA,NA,NA
http://localhost/var/www/html/ct_annotation/images/test/HC/HC20B/1060207-1060222/IMG_0188.JPG,,,,IMG_0188.JPG,2017-02-20 00:45:37,NA,NA,NA,NA,1,NA,NA,NA
http://localhost/var/www/html/ct_annotation/images/test/HC/HC20B/1060207-1060222/IMG_0189.JPG,,,,IMG_0189.JPG,2017-02-20 00:45:37,NA,NA,NA,NA,1,NA,NA,NA
http://localhost/var/www/html/ct_annotation/images/test/HC/HC20B/1060207-1060222/IMG_0190.JPG,,,,IMG_0190.JPG,2017-02-20 00:45:38,NA,NA,NA,NA,1,NA,NA,NA
http://localhost/var/www/html/ct_annotation/images/test/HC/HC20B/1060207-1060222/IMG_0191.JPG,,,,IMG_0191.JPG,2017-02-20 00:45:39,NA,NA,NA,NA,1,NA,NA,NA
http://localhost/var/www/html/ct_annotation/images/test/HC/HC20B/1060207-1060222/IMG_0192.JPG,,,,IMG_0192.JPG,2017-02-20 00:45:40,NA,NA,NA,NA,1,NA,NA,NA
http://localhost/var/www/html/ct_annotation/images/test/HC/HC20B/1060207-1060222/IMG_0193.JPG,,,,IMG_0193.JPG,2017-02-20 00:45:41,NA,NA,NA,NA,1,NA,NA,NA
http://localhost/var/www/html/ct_annotation/images/test/HC/HC20B/1060207-1060222/IMG_0194.JPG,,,,IMG_0194.JPG,2017-02-20 00:45:42,NA,NA,NA,NA,1,NA,NA,NA
http://localhost/var/www/html/ct_annotation/images/test/HC/HC20B/1060207-1060222/IMG_0195.JPG,,,,IMG_0195.JPG,2017-02-20 00:45:44,NA,NA,NA,NA,1,NA,NA,NA
http://localhost/var/www/html/ct_annotation/images/test/HC/HC20B/1060207-1060222/IMG_0196.JPG,,,,IMG_0196.JPG,2017-02-20 00:45:44,NA,NA,NA,NA,1,NA,NA,NA
http://localhost/var/www/html/ct_annotation/images/test/HC/HC20B/1060207-1060222/IMG_0197.JPG,,,,IMG_0197.JPG,2017-02-20 00:45:45,NA,NA,NA,NA,1,NA,NA,NA
http://localhost/var/www/html/ct_annotation/images/test/HC/HC20B/1060207-1060222/IMG_0198.JPG,,,,IMG_0198.JPG,2017-02-20 00:45:47,NA,NA,NA,NA,1,NA,NA,NA
http://localhost/var/www/html/ct_annotation/images/test/HC/HC20B/1060207-1060222/IMG_0199.JPG,,,,IMG_0199.JPG,2017-02-20 00:45:48,NA,NA,NA,NA,1,NA,NA,NA
http://localhost/var/www/html/ct_annotation/images/test/HC/HC20B/1060207-1060222/IMG_0200.JPG,,,,IMG_0200.JPG,2017-02-20 00:45:49,NA,NA,NA,NA,1,NA,NA,NA
http://localhost/var/www/html/ct_annotation/images/test/HC/HC20B/1060207-1060222/IMG_0201.JPG,,,,IMG_0201.JPG,2017-02-20 00:45:50,NA,NA,NA,NA,1,NA,NA,NA
http://localhost/var/www/html/ct_annotation/images/test/HC/HC20B/1060207-1060222/IMG_0202.JPG,,,,IMG_0202.JPG,2017-02-20 00:45:50,NA,NA,NA,NA,1,NA,NA,NA
http://localhost/var/www/html/ct_annotation/images/test/HC/HC20B/1060207-1060222/IMG_0203.JPG,,,,IMG_0203.JPG,2017-02-20 00:45:53,NA,NA,NA,NA,1,NA,NA,NA
http://localhost/var/www/html/ct_annotation/images/test/HC/HC20B/1060207-1060222/IMG_0204.JPG,,,,IMG_0204.JPG,2017-02-20 00:45:54,NA,NA,NA,NA,1,NA,NA,NA
http://localhost/var/www/html/ct_annotation/images/test/HC/HC20B/1060207-1060222/IMG_0205.JPG,,,,IMG_0205.JPG,2017-02-20 00:45:54,NA,NA,NA,NA,1,NA,NA,NA
http://localhost/var/www/html/ct_annotation/images/test/HC/HC20B/1060207-1060222/IMG_0206.JPG,,,,IMG_0206.JPG,2017-02-20 00:45:58,NA,NA,NA,NA,1,NA,NA,NA
http://localhost/var/www/html/ct_annotation/images/test/HC/HC20B/1060207-1060222/IMG_0207.JPG,,,,IMG_0207.JPG,2017-02-20 00:45:59,NA,NA,NA,NA,1,NA,NA,NA
http://localhost/var/www/html/ct_annotation/images/test/HC/HC20B/1060207-1060222/IMG_0208.JPG,,,,IMG_0208.JPG,2017-02-20 00:45:59,NA,NA,NA,NA,1,NA,NA,NA
http://localhost/var/www/html/ct_annotation/images/test/HC/HC20B/1060207-1060222/IMG_0209.JPG,,,,IMG_0209.JPG,2017-02-20 00:46:01,NA,NA,NA,NA,1,NA,NA,NA
http://localhost/var/www/html/ct_annotation/images/test/HC/HC20B/1060207-1060222/IMG_0210.JPG,,,,IMG_0210.JPG,2017-02-20 00:46:02,NA,NA,NA,NA,1,NA,NA,NA
http://localhost/var/www/html/ct_annotation/images/test/HC/HC20B/1060207-1060222/IMG_0211.JPG,,,,IMG_0211.JPG,2017-02-20 00:46:02,NA,NA,NA,NA,1,NA,NA,NA
http://localhost/var/www/html/ct_annotation/images/test/HC/HC20B/1060207-1060222/IMG_0212.JPG,,,,IMG_0212.JPG,2017-02-20 00:46:04,NA,NA,NA,NA,1,NA,NA,NA
http://localhost/var/www/html/ct_annotation/images/test/HC/HC20B/1060207-1060222/IMG_0213.JPG,,,,IMG_0213.JPG,2017-02-20 00:46:05,NA,NA,NA,NA,1,NA,NA,NA
http://localhost/var/www/html/ct_annotation/images/test/HC/HC20B/1060207-1060222/IMG_0214.JPG,,,,IMG_0214.JPG,2017-02-20 00:46:05,NA,NA,NA,NA,1,NA,NA,NA
http://localhost/var/www/html/ct_annotation/images/test/HC/HC20B/1060207-1060222/IMG_0215.JPG,,,,IMG_0215.JPG,2017-02-20 00:46:08,NA,NA,NA,NA,1,NA,NA,NA
http://localhost/var/www/html/ct_annotation/images/test/HC/HC20B/1060207-1060222/IMG_0216.JPG,,,,IMG_0216.JPG,2017-02-20 00:46:09,NA,NA,NA,NA,1,NA,NA,NA
http://localhost/var/www/html/ct_annotation/images/test/HC/HC20B/1060207-1060222/IMG_0217.JPG,,,,IMG_0217.JPG,2017-02-20 00:46:09,NA,NA,NA,NA,1,NA,NA,NA
http://localhost/var/www/html/ct_annotation/images/test/HC/HC20B/1060207-1060222/IMG_0218.JPG,,,,IMG_0218.JPG,2017-02-20 00:46:11,NA,NA,NA,NA,1,NA,NA,NA
http://localhost/var/www/html/ct_annotation/images/test/HC/HC20B/1060207-1060222/IMG_0219.JPG,,,,IMG_0219.JPG,2017-02-20 00:46:12,NA,NA,NA,NA,1,NA,NA,NA
http://localhost/var/www/html/ct_annotation/images/test/HC/HC20B/1060207-1060222/IMG_0220.JPG,,,,IMG_0220.JPG,2017-02-20 00:46:13,NA,NA,NA,NA,1,NA,NA,NA
http://localhost/var/www/html/ct_annotation/images/test/HC/HC20B/1060207-1060222/IMG_0221.JPG,,,,IMG_0221.JPG,2017-02-20 00:46:20,NA,NA,NA,NA,1,NA,NA,NA
http://localhost/var/www/html/ct_annotation/images/test/HC/HC20B/1060207-1060222/IMG_0222.JPG,,,,IMG_0222.JPG,2017-02-20 00:46:21,NA,NA,NA,NA,1,NA,NA,NA
http://localhost/var/www/html/ct_annotation/images/test/HC/HC20B/1060207-1060222/IMG_0223.JPG,,,,IMG_0223.JPG,2017-02-20 00:46:21,NA,NA,NA,NA,1,NA,NA,NA
http://localhost/var/www/html/ct_annotation/images/test/HC/HC20B/1060207-1060222/IMG_0224.JPG,,,,IMG_0224.JPG,2017-02-20 00:46:24,NA,NA,NA,NA,1,NA,NA,NA
http://localhost/var/www/html/ct_annotation/images/test/HC/HC20B/1060207-1060222/IMG_0225.JPG,,,,IMG_0225.JPG,2017-02-20 00:46:25,NA,NA,NA,NA,1,NA,NA,NA
http://localhost/var/www/html/ct_annotation/images/test/HC/HC20B/1060207-1060222/IMG_0226.JPG,,,,IMG_0226.JPG,2017-02-20 00:46:25,NA,NA,NA,NA,1,NA,NA,NA
http://localhost/var/www/html/ct_annotation/images/test/HC/HC20B/1060207-1060222/IMG_0227.JPG,,,,IMG_0227.JPG,2017-02-20 00:46:38,NA,NA,NA,NA,1,NA,NA,NA
http://localhost/var/www/html/ct_annotation/images/test/HC/HC20B/1060207-1060222/IMG_0228.JPG,,,,IMG_0228.JPG,2017-02-20 00:46:39,NA,NA,NA,NA,1,NA,NA,NA
http://localhost/var/www/html/ct_annotation/images/test/HC/HC20B/1060207-1060222/IMG_0229.JPG,,,,IMG_0229.JPG,2017-02-20 00:46:39,NA,NA,NA,NA,1,NA,NA,NA
http://localhost/var/www/html/ct_annotation/images/test/HC/HC20B/1060207-1060222/IMG_0230.JPG,,,,IMG_0230.JPG,2017-02-20 00:46:52,NA,NA,NA,NA,1,NA,NA,NA
http://localhost/var/www/html/ct_annotation/images/test/HC/HC20B/1060207-1060222/IMG_0231.JPG,,,,IMG_0231.JPG,2017-02-20 00:46:53,NA,NA,NA,NA,1,NA,NA,NA
http://localhost/var/www/html/ct_annotation/images/test/HC/HC20B/1060207-1060222/IMG_0232.JPG,,,,IMG_0232.JPG,2017-02-20 00:46:54,NA,NA,NA,NA,1,NA,NA,NA
http://localhost/var/www/html/ct_annotation/images/test/HC/HC20B/1060207-1060222/IMG_0233.JPG,,,,IMG_0233.JPG,2017-02-20 00:47:04,NA,NA,NA,NA,1,NA,NA,NA
http://localhost/var/www/html/ct_annotation/images/test/HC/HC20B/1060207-1060222/IMG_0234.JPG,,,,IMG_0234.JPG,2017-02-20 00:47:05,NA,NA,NA,NA,1,NA,NA,NA
http://localhost/var/www/html/ct_annotation/images/test/HC/HC20B/1060207-1060222/IMG_0235.JPG,,,,IMG_0235.JPG,2017-02-20 00:47:06,NA,NA,NA,NA,1,NA,NA,NA
http://localhost/var/www/html/ct_annotation/images/test/HC/HC20B/1060207-1060222/IMG_0236.JPG,,,,IMG_0236.JPG,2017-02-20 00:47:08,NA,NA,NA,NA,1,NA,NA,NA
http://localhost/var/www/html/ct_annotation/images/test/HC/HC20B/1060207-1060222/IMG_0237.JPG,,,,IMG_0237.JPG,2017-02-20 00:47:09,NA,NA,NA,NA,1,NA,NA,NA
http://localhost/var/www/html/ct_annotation/images/test/HC/HC20B/1060207-1060222/IMG_0238.JPG,,,,IMG_0238.JPG,2017-02-20 00:47:09,NA,NA,NA,NA,1,NA,NA,NA
http://localhost/var/www/html/ct_annotation/images/test/HC/HC20B/1060207-1060222/IMG_0239.JPG,,,,IMG_0239.JPG,2017-02-20 00:47:10,NA,NA,NA,NA,1,NA,NA,NA
http://localhost/var/www/html/ct_annotation/images/test/HC/HC20B/1060207-1060222/IMG_0240.JPG,,,,IMG_0240.JPG,2017-02-20 00:47:11,NA,NA,NA,NA,1,NA,NA,NA
http://localhost/var/www/html/ct_annotation/images/test/HC/HC20B/1060207-1060222/IMG_0241.JPG,,,,IMG_0241.JPG,2017-02-20 00:47:12,NA,NA,NA,NA,1,NA,NA,NA
http://localhost/var/www/html/ct_annotation/images/test/HC/HC20B/1060207-1060222/IMG_0242.JPG,,,,IMG_0242.JPG,2017-02-20 00:47:15,NA,NA,NA,NA,1,NA,NA,NA
http://localhost/var/www/html/ct_annotation/images/test/HC/HC20B/1060207-1060222/IMG_0243.JPG,,,,IMG_0243.JPG,2017-02-20 00:47:16,NA,NA,NA,NA,1,NA,NA,NA
http://localhost/var/www/html/ct_annotation/images/test/HC/HC20B/1060207-1060222/IMG_0244.JPG,,,,IMG_0244.JPG,2017-02-20 00:47:17,NA,NA,NA,NA,1,NA,NA,NA
http://localhost/var/www/html/ct_annotation/images/test/HC/HC20B/1060207-1060222/IMG_0245.JPG,,,,IMG_0245.JPG,2017-02-20 01:05:51,NA,NA,NA,NA,1,NA,NA,NA
http://localhost/var/www/html/ct_annotation/images/test/HC/HC20B/1060207-1060222/IMG_0246.JPG,,,,IMG_0246.JPG,2017-02-20 01:05:52,NA,NA,NA,NA,1,NA,NA,NA
http://localhost/var/www/html/ct_annotation/images/test/HC/HC20B/1060207-1060222/IMG_0247.JPG,,,,IMG_0247.JPG,2017-02-20 01:05:53,NA,NA,NA,NA,1,NA,NA,NA
http://localhost/var/www/html/ct_annotation/images/test/HC/HC20B/1060207-1060222/IMG_0248.JPG,,,,IMG_0248.JPG,2017-02-20 12:00:00,NA,NA,NA,NA,1,NA,NA,NA
http://localhost/var/www/html/ct_annotation/images/test/HC/HC20B/1060207-1060222/IMG_0249.JPG,,,,IMG_0249.JPG,2017-02-20 20:38:24,NA,NA,NA,NA,1,NA,NA,NA
http://localhost/var/www/html/ct_annotation/images/test/HC/HC20B/1060207-1060222/IMG_0250.JPG,,,,IMG_0250.JPG,2017-02-20 20:38:25,NA,NA,NA,NA,1,NA,NA,NA
http://localhost/var/www/html/ct_annotation/images/test/HC/HC20B/1060207-1060222/IMG_0251.JPG,,,,IMG_0251.JPG,2017-02-20 20:38:25,NA,NA,NA,NA,1,NA,NA,NA
http://localhost/var/www/html/ct_annotation/images/test/HC/HC20B/1060207-1060222/IMG_0252.JPG,,,,IMG_0252.JPG,2017-02-21 03:23:42,NA,NA,NA,NA,1,NA,NA,NA
http://localhost/var/www/html/ct_annotation/images/test/HC/HC20B/1060207-1060222/IMG_0253.JPG,,,,IMG_0253.JPG,2017-02-21 03:23:43,NA,NA,NA,NA,1,NA,NA,NA
http://localhost/var/www/html/ct_annotation/images/test/HC/HC20B/1060207-1060222/IMG_0254.JPG,,,,IMG_0254.JPG,2017-02-21 03:23:44,NA,NA,NA,NA,1,NA,NA,NA
http://localhost/var/www/html/ct_annotation/images/test/HC/HC20B/1060207-1060222/IMG_0255.JPG,,,,IMG_0255.JPG,2017-02-21 12:00:00,NA,NA,NA,NA,1,NA,NA,NA
http://twebi.net/ct_annotation/images/test/HC/HC20B/1060207-1060222/IMG_0001.JPG,,,,IMG_0001.JPG,2017-02-07 11:20:09,"測試",NA,NA,NA,1,NA,"test",NA
http://twebi.net/ct_annotation/images/test/HC/HC20B/1060207-1060222/IMG_0002.JPG,,,,IMG_0002.JPG,2017-02-07 11:20:10,"測試",NA,NA,NA,1,NA,"test",NA
http://twebi.net/ct_annotation/images/test/HC/HC20B/1060207-1060222/IMG_0003.JPG,,,,IMG_0003.JPG,2017-02-07 11:20:11,"測試",NA,NA,NA,1,NA,"test",NA
http://twebi.net/ct_annotation/images/test/HC/HC20B/1060207-1060222/IMG_0004.JPG,,,,IMG_0004.JPG,2017-02-07 11:20:14,"測試",NA,NA,NA,1,NA,"test",NA
http://twebi.net/ct_annotation/images/test/HC/HC20B/1060207-1060222/IMG_0005.JPG,,,,IMG_0005.JPG,2017-02-07 11:20:16,"測試",NA,NA,NA,1,NA,"test",NA
http://twebi.net/ct_annotation/images/test/HC/HC20B/1060207-1060222/IMG_0006.JPG,,,,IMG_0006.JPG,2017-02-07 11:20:17,"測試",NA,NA,NA,1,NA,"test",NA
http://twebi.net/ct_annotation/images/test/HC/HC20B/1060207-1060222/IMG_0007.JPG,,,,IMG_0007.JPG,2017-02-07 11:20:18,"測試",NA,NA,NA,1,NA,"test",NA
http://twebi.net/ct_annotation/images/test/HC/HC20B/1060207-1060222/IMG_0008.JPG,,,,IMG_0008.JPG,2017-02-07 11:20:21,"測試",NA,NA,NA,1,NA,"test",NA
http://twebi.net/ct_annotation/images/test/HC/HC20B/1060207-1060222/IMG_0009.JPG,,,,IMG_0009.JPG,2017-02-07 11:20:21,"測試",NA,NA,NA,1,NA,"test",NA
http://twebi.net/ct_annotation/images/test/HC/HC20B/1060207-1060222/IMG_0010.JPG,,,,IMG_0010.JPG,2017-02-07 11:20:57,"測試",NA,NA,NA,1,NA,"test",NA
http://twebi.net/ct_annotation/images/test/HC/HC20B/1060207-1060222/IMG_0011.JPG,,,,IMG_0011.JPG,2017-02-07 11:20:59,"測試",NA,NA,NA,1,NA,"test",NA
http://twebi.net/ct_annotation/images/test/HC/HC20B/1060207-1060222/IMG_0012.JPG,,,,IMG_0012.JPG,2017-02-07 11:20:59,"測試",NA,NA,NA,1,NA,"test",NA
http://twebi.net/ct_annotation/images/test/HC/HC20B/1060207-1060222/IMG_0013.JPG,,,,IMG_0013.JPG,2017-02-07 11:21:06,"測試",NA,NA,NA,1,NA,"test",NA
http://twebi.net/ct_annotation/images/test/HC/HC20B/1060207-1060222/IMG_0014.JPG,,,,IMG_0014.JPG,2017-02-07 11:21:07,"測試",NA,NA,NA,1,NA,"test",NA
http://twebi.net/ct_annotation/images/test/HC/HC20B/1060207-1060222/IMG_0015.JPG,,,,IMG_0015.JPG,2017-02-07 11:21:08,"測試",NA,NA,NA,1,NA,"test",NA
http://twebi.net/ct_annotation/images/test/HC/HC20B/1060207-1060222/IMG_0016.JPG,,,,IMG_0016.JPG,2017-02-07 12:00:00,"12:00:00測試",NA,NA,NA,1,NA,"12:00:00 test",NA
http://twebi.net/ct_annotation/images/test/HC/HC20B/1060207-1060222/IMG_0017.JPG,,,,IMG_0017.JPG,2017-02-08 05:03:51,"鼠",NA,NA,NA,1,NA,"NA",NA
http://twebi.net/ct_annotation/images/test/HC/HC20B/1060207-1060222/IMG_0018.JPG,,,,IMG_0018.JPG,2017-02-08 05:03:52,"鼠",NA,NA,NA,1,NA,"NA",NA
http://twebi.net/ct_annotation/images/test/HC/HC20B/1060207-1060222/IMG_0019.JPG,,,,IMG_0019.JPG,2017-02-08 05:03:53,"鼠",NA,NA,NA,1,NA,"NA",NA
http://twebi.net/ct_annotation/images/test/HC/HC20B/1060207-1060222/IMG_0020.JPG,,,,IMG_0020.JPG,2017-02-08 12:00:00,"12:00:00測試",NA,NA,NA,1,NA,"12:00:00 test",NA
http://twebi.net/ct_annotation/images/test/HC/HC20B/1060207-1060222/IMG_0021.JPG,,,,IMG_0021.JPG,2017-02-09 03:38:40,"無法識別",NA,NA,NA,1,NA,NA,NA
http://twebi.net/ct_annotation/images/test/HC/HC20B/1060207-1060222/IMG_0022.JPG,,,,IMG_0022.JPG,2017-02-09 03:38:41,"無法識別",NA,NA,NA,1,NA,NA,NA
http://twebi.net/ct_annotation/images/test/HC/HC20B/1060207-1060222/IMG_0023.JPG,,,,IMG_0023.JPG,2017-02-09 03:38:42,"無法識別",NA,NA,NA,1,NA,NA,NA
http://twebi.net/ct_annotation/images/test/HC/HC20B/1060207-1060222/IMG_0024.JPG,,,,IMG_0024.JPG,2017-02-09 03:46:35,"鼬獾",NA,NA,NA,1,NA,"Melogale moschata subaurantiaca",NA
http://twebi.net/ct_annotation/images/test/HC/HC20B/1060207-1060222/IMG_0025.JPG,,,,IMG_0025.JPG,2017-02-09 03:46:35,"鼬獾",NA,NA,NA,1,NA,"Melogale moschata subaurantiaca",NA
http://twebi.net/ct_annotation/images/test/HC/HC20B/1060207-1060222/IMG_0026.JPG,,,,IMG_0026.JPG,2017-02-09 03:46:36,"鼬獾",NA,NA,NA,1,NA,"Melogale moschata subaurantiaca",NA
http://twebi.net/ct_annotation/images/test/HC/HC20B/1060207-1060222/IMG_0027.JPG,,,,IMG_0027.JPG,2017-02-09 05:06:25,"山羌","male","adult",NA,1,NA,"Muntiacus reevesi micrurus",NA
http://twebi.net/ct_annotation/images/test/HC/HC20B/1060207-1060222/IMG_0028.JPG,,,,IMG_0028.JPG,2017-02-09 05:06:26,"山羌","male","adult",NA,1,NA,"Muntiacus reevesi micrurus",NA
http://twebi.net/ct_annotation/images/test/HC/HC20B/1060207-1060222/IMG_0029.JPG,,,,IMG_0029.JPG,2017-02-09 05:06:26,"山羌","male","adult",NA,1,NA,"Muntiacus reevesi micrurus",NA
http://twebi.net/ct_annotation/images/test/HC/HC20B/1060207-1060222/IMG_0030.JPG,,,,IMG_0030.JPG,2017-02-09 05:06:32,"山羌","male","adult",NA,1,NA,"Muntiacus reevesi micrurus",NA
http://twebi.net/ct_annotation/images/test/HC/HC20B/1060207-1060222/IMG_0031.JPG,,,,IMG_0031.JPG,2017-02-09 05:06:33,"山羌","male","adult",NA,1,NA,"Muntiacus reevesi micrurus",NA
http://twebi.net/ct_annotation/images/test/HC/HC20B/1060207-1060222/IMG_0032.JPG,,,,IMG_0032.JPG,2017-02-09 05:06:34,"山羌","male","adult",NA,1,NA,"Muntiacus reevesi micrurus",NA
http://twebi.net/ct_annotation/images/test/HC/HC20B/1060207-1060222/IMG_0033.JPG,,,,IMG_0033.JPG,2017-02-09 05:06:35,"山羌","male","adult",NA,1,NA,"Muntiacus reevesi micrurus",NA
http://twebi.net/ct_annotation/images/test/HC/HC20B/1060207-1060222/IMG_0034.JPG,,,,IMG_0034.JPG,2017-02-09 05:06:35,"山羌","male","adult",NA,1,NA,"Muntiacus reevesi micrurus",NA
http://twebi.net/ct_annotation/images/test/HC/HC20B/1060207-1060222/IMG_0035.JPG,,,,IMG_0035.JPG,2017-02-09 05:06:36,"山羌","male","adult",NA,1,NA,"Muntiacus reevesi micrurus",NA
http://twebi.net/ct_annotation/images/test/HC/HC20B/1060207-1060222/IMG_0036.JPG,,,,IMG_0036.JPG,2017-02-09 05:18:32,"鼠",NA,NA,NA,1,NA,"NA",NA
http://twebi.net/ct_annotation/images/test/HC/HC20B/1060207-1060222/IMG_0037.JPG,,,,IMG_0037.JPG,2017-02-09 05:18:33,"空拍",NA,NA,NA,1,NA,"nothing",NA
http://twebi.net/ct_annotation/images/test/HC/HC20B/1060207-1060222/IMG_0038.JPG,,,,IMG_0038.JPG,2017-02-09 05:18:33,"空拍",NA,NA,NA,1,NA,"nothing",NA
http://twebi.net/ct_annotation/images/test/HC/HC20B/1060207-1060222/IMG_0039.JPG,,,,IMG_0039.JPG,2017-02-09 12:00:00,"12:00:00測試",NA,NA,NA,1,NA,"12:00:00 test",NA
http://twebi.net/ct_annotation/images/test/HC/HC20B/1060207-1060222/IMG_0040.JPG,,,,IMG_0040.JPG,2017-02-09 20:38:37,"鼠",NA,NA,NA,1,NA,"NA",NA
http://twebi.net/ct_annotation/images/test/HC/HC20B/1060207-1060222/IMG_0041.JPG,,,,IMG_0041.JPG,2017-02-09 20:38:38,"空拍",NA,NA,NA,1,NA,"nothing",NA
http://twebi.net/ct_annotation/images/test/HC/HC20B/1060207-1060222/IMG_0042.JPG,,,,IMG_0042.JPG,2017-02-09 20:38:39,"空拍",NA,NA,NA,1,NA,"nothing",NA
http://twebi.net/ct_annotation/images/test/HC/HC20B/1060207-1060222/IMG_0043.JPG,,,,IMG_0043.JPG,2017-02-10 04:34:08,"鼠",NA,NA,NA,1,NA,"NA",NA
http://twebi.net/ct_annotation/images/test/HC/HC20B/1060207-1060222/IMG_0044.JPG,,,,IMG_0044.JPG,2017-02-10 04:34:09,"鼠",NA,NA,NA,1,NA,"NA",NA
http://twebi.net/ct_annotation/images/test/HC/HC20B/1060207-1060222/IMG_0045.JPG,,,,IMG_0045.JPG,2017-02-10 04:34:09,"鼠",NA,NA,NA,1,NA,"NA",NA
http://twebi.net/ct_annotation/images/test/HC/HC20B/1060207-1060222/IMG_0046.JPG,,,,IMG_0046.JPG,2017-02-10 04:34:10,"鼠",NA,NA,NA,1,NA,"NA",NA
http://twebi.net/ct_annotation/images/test/HC/HC20B/1060207-1060222/IMG_0047.JPG,,,,IMG_0047.JPG,2017-02-10 04:34:11,"鼠",NA,NA,NA,1,NA,"NA",NA
http://twebi.net/ct_annotation/images/test/HC/HC20B/1060207-1060222/IMG_0048.JPG,,,,IMG_0048.JPG,2017-02-10 04:34:11,"鼠",NA,NA,NA,1,NA,"NA",NA
http://twebi.net/ct_annotation/images/test/HC/HC20B/1060207-1060222/IMG_0049.JPG,,,,IMG_0049.JPG,2017-02-10 05:06:04,"鼠",NA,NA,NA,1,NA,"NA",NA
http://twebi.net/ct_annotation/images/test/HC/HC20B/1060207-1060222/IMG_0050.JPG,,,,IMG_0050.JPG,2017-02-10 05:06:05,"鼠",NA,NA,NA,1,NA,"NA",NA
http://twebi.net/ct_annotation/images/test/HC/HC20B/1060207-1060222/IMG_0051.JPG,,,,IMG_0051.JPG,2017-02-10 05:06:06,"鼠",NA,NA,NA,1,NA,"NA",NA
http://twebi.net/ct_annotation/images/test/HC/HC20B/1060207-1060222/IMG_0052.JPG,,,,IMG_0052.JPG,2017-02-10 05:42:21,"鼠",NA,NA,NA,1,NA,"NA",NA
http://twebi.net/ct_annotation/images/test/HC/HC20B/1060207-1060222/IMG_0053.JPG,,,,IMG_0053.JPG,2017-02-10 05:42:22,"鼠",NA,NA,NA,1,NA,"NA",NA
http://twebi.net/ct_annotation/images/test/HC/HC20B/1060207-1060222/IMG_0054.JPG,,,,IMG_0054.JPG,2017-02-10 05:42:23,"鼠",NA,NA,NA,1,NA,"NA",NA
http://twebi.net/ct_annotation/images/test/HC/HC20B/1060207-1060222/IMG_0055.JPG,,,,IMG_0055.JPG,2017-02-10 05:42:24,"鼠",NA,NA,NA,1,NA,"NA",NA
http://twebi.net/ct_annotation/images/test/HC/HC20B/1060207-1060222/IMG_0056.JPG,,,,IMG_0056.JPG,2017-02-10 05:42:25,"鼠",NA,NA,NA,1,NA,"NA",NA
http://twebi.net/ct_annotation/images/test/HC/HC20B/1060207-1060222/IMG_0057.JPG,,,,IMG_0057.JPG,2017-02-10 05:42:25,"鼠",NA,NA,NA,1,NA,"NA",NA
http://twebi.net/ct_annotation/images/test/HC/HC20B/1060207-1060222/IMG_0058.JPG,,,,IMG_0058.JPG,2017-02-10 12:00:00,"12:00:00測試",NA,NA,NA,1,NA,"12:00:00 test",NA
http://twebi.net/ct_annotation/images/test/HC/HC20B/1060207-1060222/IMG_0059.JPG,,,,IMG_0059.JPG,2017-02-10 20:38:04,"鼠",NA,NA,NA,1,NA,"NA",NA
http://twebi.net/ct_annotation/images/test/HC/HC20B/1060207-1060222/IMG_0060.JPG,,,,IMG_0060.JPG,2017-02-10 20:38:05,"鼠",NA,NA,NA,1,NA,"NA",NA
http://twebi.net/ct_annotation/images/test/HC/HC20B/1060207-1060222/IMG_0061.JPG,,,,IMG_0061.JPG,2017-02-10 20:38:05,"空拍",NA,NA,NA,1,NA,"nothing",NA
http://twebi.net/ct_annotation/images/test/HC/HC20B/1060207-1060222/IMG_0062.JPG,,,,IMG_0062.JPG,2017-02-11 05:25:30,"鼠",NA,NA,NA,1,NA,"NA",NA
http://twebi.net/ct_annotation/images/test/HC/HC20B/1060207-1060222/IMG_0063.JPG,,,,IMG_0063.JPG,2017-02-11 05:25:30,"空拍",NA,NA,NA,1,NA,"nothing",NA
http://twebi.net/ct_annotation/images/test/HC/HC20B/1060207-1060222/IMG_0064.JPG,,,,IMG_0064.JPG,2017-02-11 05:25:31,"空拍",NA,NA,NA,1,NA,"nothing",NA
http://twebi.net/ct_annotation/images/test/HC/HC20B/1060207-1060222/IMG_0065.JPG,,,,IMG_0065.JPG,2017-02-11 12:00:00,"12:00:00測試",NA,NA,NA,1,NA,"12:00:00 test",NA
http://twebi.net/ct_annotation/images/test/HC/HC20B/1060207-1060222/IMG_0066.JPG,,,,IMG_0066.JPG,2017-02-11 21:48:43,"鼬獾",NA,NA,NA,1,NA,"Melogale moschata subaurantiaca",NA
http://twebi.net/ct_annotation/images/test/HC/HC20B/1060207-1060222/IMG_0067.JPG,,,,IMG_0067.JPG,2017-02-11 21:48:44,"鼬獾",NA,NA,NA,1,NA,"Melogale moschata subaurantiaca",NA
http://twebi.net/ct_annotation/images/test/HC/HC20B/1060207-1060222/IMG_0068.JPG,,,,IMG_0068.JPG,2017-02-11 21:48:45,"鼬獾",NA,NA,NA,1,NA,"Melogale moschata subaurantiaca",NA
http://twebi.net/ct_annotation/images/test/HC/HC20B/1060207-1060222/IMG_0069.JPG,,,,IMG_0069.JPG,2017-02-12 05:10:26,"鼠",NA,NA,NA,1,NA,"NA",NA
http://twebi.net/ct_annotation/images/test/HC/HC20B/1060207-1060222/IMG_0070.JPG,,,,IMG_0070.JPG,2017-02-12 05:10:27,"鼠",NA,NA,NA,1,NA,"NA",NA
http://twebi.net/ct_annotation/images/test/HC/HC20B/1060207-1060222/IMG_0071.JPG,,,,IMG_0071.JPG,2017-02-12 05:10:27,"鼠",NA,NA,NA,1,NA,"NA",NA
http://twebi.net/ct_annotation/images/test/HC/HC20B/1060207-1060222/IMG_0072.JPG,,,,IMG_0072.JPG,2017-02-12 12:00:00,"12:00:00測試",NA,NA,NA,1,NA,"12:00:00 test",NA
http://twebi.net/ct_annotation/images/test/HC/HC20B/1060207-1060222/IMG_0073.JPG,,,,IMG_0073.JPG,2017-02-12 21:14:37,"鼠",NA,NA,NA,1,NA,"NA",NA
http://twebi.net/ct_annotation/images/test/HC/HC20B/1060207-1060222/IMG_0074.JPG,,,,IMG_0074.JPG,2017-02-12 21:14:38,"鼠",NA,NA,NA,1,NA,"NA",NA
http://twebi.net/ct_annotation/images/test/HC/HC20B/1060207-1060222/IMG_0075.JPG,,,,IMG_0075.JPG,2017-02-12 21:14:38,"鼠",NA,NA,NA,1,NA,"NA",NA
http://twebi.net/ct_annotation/images/test/HC/HC20B/1060207-1060222/IMG_0076.JPG,,,,IMG_0076.JPG,2017-02-12 21:14:42,"鼠",NA,NA,NA,1,NA,"NA",NA
http://twebi.net/ct_annotation/images/test/HC/HC20B/1060207-1060222/IMG_0077.JPG,,,,IMG_0077.JPG,2017-02-12 21:14:43,"鼠",NA,NA,NA,1,NA,"NA",NA
http://twebi.net/ct_annotation/images/test/HC/HC20B/1060207-1060222/IMG_0078.JPG,,,,IMG_0078.JPG,2017-02-12 21:14:43,"鼠",NA,NA,NA,1,NA,"NA",NA
http://twebi.net/ct_annotation/images/test/HC/HC20B/1060207-1060222/IMG_0079.JPG,,,,IMG_0079.JPG,2017-02-12 21:14:45,"鼠",NA,NA,NA,1,NA,"NA",NA
http://twebi.net/ct_annotation/images/test/HC/HC20B/1060207-1060222/IMG_0080.JPG,,,,IMG_0080.JPG,2017-02-12 21:14:45,"鼠",NA,NA,NA,1,NA,"NA",NA
http://twebi.net/ct_annotation/images/test/HC/HC20B/1060207-1060222/IMG_0081.JPG,,,,IMG_0081.JPG,2017-02-12 21:14:46,"鼠",NA,NA,NA,1,NA,"NA",NA
http://twebi.net/ct_annotation/images/test/HC/HC20B/1060207-1060222/IMG_0082.JPG,,,,IMG_0082.JPG,2017-02-13 04:54:48,"鼬獾",NA,NA,NA,1,NA,"Melogale moschata subaurantiaca",NA
http://twebi.net/ct_annotation/images/test/HC/HC20B/1060207-1060222/IMG_0083.JPG,,,,IMG_0083.JPG,2017-02-13 04:54:50,"鼬獾",NA,NA,NA,1,NA,"Melogale moschata subaurantiaca",NA
http://twebi.net/ct_annotation/images/test/HC/HC20B/1060207-1060222/IMG_0084.JPG,,,,IMG_0084.JPG,2017-02-13 04:54:51,"鼬獾",NA,NA,NA,1,NA,"Melogale moschata subaurantiaca",NA
http://twebi.net/ct_annotation/images/test/HC/HC20B/1060207-1060222/IMG_0085.JPG,,,,IMG_0085.JPG,2017-02-13 04:54:51,"鼬獾",NA,NA,NA,1,NA,"Melogale moschata subaurantiaca",NA
http://twebi.net/ct_annotation/images/test/HC/HC20B/1060207-1060222/IMG_0086.JPG,,,,IMG_0086.JPG,2017-02-13 04:54:52,"鼬獾",NA,NA,NA,1,NA,"Melogale moschata subaurantiaca",NA
http://twebi.net/ct_annotation/images/test/HC/HC20B/1060207-1060222/IMG_0087.JPG,,,,IMG_0087.JPG,2017-02-13 04:54:53,"鼬獾",NA,NA,NA,1,NA,"Melogale moschata subaurantiaca",NA
http://twebi.net/ct_annotation/images/test/HC/HC20B/1060207-1060222/IMG_0088.JPG,,,,IMG_0088.JPG,2017-02-13 12:00:00,"12:00:00測試",NA,NA,NA,1,NA,"12:00:00 test",NA
http://twebi.net/ct_annotation/images/test/HC/HC20B/1060207-1060222/IMG_0089.JPG,,,,IMG_0089.JPG,2017-02-13 19:42:17,"鼠",NA,NA,NA,1,NA,"NA",NA
http://twebi.net/ct_annotation/images/test/HC/HC20B/1060207-1060222/IMG_0090.JPG,,,,IMG_0090.JPG,2017-02-13 19:42:18,"鼠",NA,NA,NA,1,NA,"NA",NA
http://twebi.net/ct_annotation/images/test/HC/HC20B/1060207-1060222/IMG_0091.JPG,,,,IMG_0091.JPG,2017-02-13 19:42:19,"鼠",NA,NA,NA,1,NA,"NA",NA
http://twebi.net/ct_annotation/images/test/HC/HC20B/1060207-1060222/IMG_0092.JPG,,,,IMG_0092.JPG,2017-02-13 20:11:08,"鼬獾",NA,NA,NA,1,NA,"Melogale moschata subaurantiaca",NA
http://twebi.net/ct_annotation/images/test/HC/HC20B/1060207-1060222/IMG_0093.JPG,,,,IMG_0093.JPG,2017-02-13 20:11:09,"鼬獾",NA,NA,NA,1,NA,"Melogale moschata subaurantiaca",NA
http://twebi.net/ct_annotation/images/test/HC/HC20B/1060207-1060222/IMG_0094.JPG,,,,IMG_0094.JPG,2017-02-13 20:11:09,"鼬獾",NA,NA,NA,1,NA,"Melogale moschata subaurantiaca",NA
http://twebi.net/ct_annotation/images/test/HC/HC20B/1060207-1060222/IMG_0095.JPG,,,,IMG_0095.JPG,2017-02-13 22:13:05,"鼠",NA,NA,NA,1,NA,"NA",NA
http://twebi.net/ct_annotation/images/test/HC/HC20B/1060207-1060222/IMG_0096.JPG,,,,IMG_0096.JPG,2017-02-13 22:13:05,"鼠",NA,NA,NA,1,NA,"NA",NA
http://twebi.net/ct_annotation/images/test/HC/HC20B/1060207-1060222/IMG_0097.JPG,,,,IMG_0097.JPG,2017-02-13 22:13:06,"鼠",NA,NA,NA,1,NA,"NA",NA
http://twebi.net/ct_annotation/images/test/HC/HC20B/1060207-1060222/IMG_0098.JPG,,,,IMG_0098.JPG,2017-02-13 23:30:30,"鼠",NA,NA,NA,1,NA,"NA",NA
http://twebi.net/ct_annotation/images/test/HC/HC20B/1060207-1060222/IMG_0099.JPG,,,,IMG_0099.JPG,2017-02-13 23:30:30,"鼠",NA,NA,NA,1,NA,"NA",NA
http://twebi.net/ct_annotation/images/test/HC/HC20B/1060207-1060222/IMG_0100.JPG,,,,IMG_0100.JPG,2017-02-13 23:30:31,"鼠",NA,NA,NA,1,NA,"NA",NA
http://twebi.net/ct_annotation/images/test/HC/HC20B/1060207-1060222/IMG_0101.JPG,,,,IMG_0101.JPG,2017-02-14 06:16:00,"空拍","male","adult",NA,1,NA,"nothing",NA
http://twebi.net/ct_annotation/images/test/HC/HC20B/1060207-1060222/IMG_0102.JPG,,,,IMG_0102.JPG,2017-02-14 06:16:01,"山羌","male","adult",NA,1,NA,"Muntiacus reevesi micrurus",NA
http://twebi.net/ct_annotation/images/test/HC/HC20B/1060207-1060222/IMG_0103.JPG,,,,IMG_0103.JPG,2017-02-14 06:16:02,"山羌","male","adult",NA,1,NA,"Muntiacus reevesi micrurus",NA
http://twebi.net/ct_annotation/images/test/HC/HC20B/1060207-1060222/IMG_0104.JPG,,,,IMG_0104.JPG,2017-02-14 06:16:03,"山羌","male","adult",NA,1,NA,"Muntiacus reevesi micrurus",NA
http://twebi.net/ct_annotation/images/test/HC/HC20B/1060207-1060222/IMG_0105.JPG,,,,IMG_0105.JPG,2017-02-14 06:16:04,"山羌","male","adult",NA,1,NA,"Muntiacus reevesi micrurus",NA
http://twebi.net/ct_annotation/images/test/HC/HC20B/1060207-1060222/IMG_0106.JPG,,,,IMG_0106.JPG,2017-02-14 06:16:04,"山羌","male","adult",NA,1,NA,"Muntiacus reevesi micrurus",NA
http://twebi.net/ct_annotation/images/test/HC/HC20B/1060207-1060222/IMG_0107.JPG,,,,IMG_0107.JPG,2017-02-14 06:16:09,"山羌","male","adult",NA,1,NA,"Muntiacus reevesi micrurus",NA
http://twebi.net/ct_annotation/images/test/HC/HC20B/1060207-1060222/IMG_0108.JPG,,,,IMG_0108.JPG,2017-02-14 06:16:09,"山羌","male","adult",NA,1,NA,"Muntiacus reevesi micrurus",NA
http://twebi.net/ct_annotation/images/test/HC/HC20B/1060207-1060222/IMG_0109.JPG,,,,IMG_0109.JPG,2017-02-14 06:16:11,"山羌","male","adult",NA,1,NA,"Muntiacus reevesi micrurus",NA
http://twebi.net/ct_annotation/images/test/HC/HC20B/1060207-1060222/IMG_0110.JPG,,,,IMG_0110.JPG,2017-02-14 06:16:18,"山羌","male","adult",NA,1,NA,"Muntiacus reevesi micrurus",NA
http://twebi.net/ct_annotation/images/test/HC/HC20B/1060207-1060222/IMG_0111.JPG,,,,IMG_0111.JPG,2017-02-14 06:16:20,"山羌","male","adult",NA,1,NA,"Muntiacus reevesi micrurus",NA
http://twebi.net/ct_annotation/images/test/HC/HC20B/1060207-1060222/IMG_0112.JPG,,,,IMG_0112.JPG,2017-02-14 06:16:20,"山羌","male","adult",NA,1,NA,"Muntiacus reevesi micrurus",NA
http://twebi.net/ct_annotation/images/test/HC/HC20B/1060207-1060222/IMG_0113.JPG,,,,IMG_0113.JPG,2017-02-14 12:00:00,"12:00:00測試",NA,NA,NA,1,NA,"12:00:00 test",NA
http://twebi.net/ct_annotation/images/test/HC/HC20B/1060207-1060222/IMG_0114.JPG,,,,IMG_0114.JPG,2017-02-14 23:55:11,"鼠",NA,NA,NA,1,NA,"NA",NA
http://twebi.net/ct_annotation/images/test/HC/HC20B/1060207-1060222/IMG_0115.JPG,,,,IMG_0115.JPG,2017-02-14 23:55:12,"鼠",NA,NA,NA,1,NA,"NA",NA
http://twebi.net/ct_annotation/images/test/HC/HC20B/1060207-1060222/IMG_0116.JPG,,,,IMG_0116.JPG,2017-02-14 23:55:12,"空拍",NA,NA,NA,1,NA,"nothing",NA
http://twebi.net/ct_annotation/images/test/HC/HC20B/1060207-1060222/IMG_0117.JPG,,,,IMG_0117.JPG,2017-02-15 03:16:32,"鼠",NA,NA,NA,1,NA,"NA",NA
http://twebi.net/ct_annotation/images/test/HC/HC20B/1060207-1060222/IMG_0118.JPG,,,,IMG_0118.JPG,2017-02-15 03:16:33,"鼠",NA,NA,NA,1,NA,"NA",NA
http://twebi.net/ct_annotation/images/test/HC/HC20B/1060207-1060222/IMG_0119.JPG,,,,IMG_0119.JPG,2017-02-15 03:16:33,"鼠",NA,NA,NA,1,NA,"NA",NA
http://twebi.net/ct_annotation/images/test/HC/HC20B/1060207-1060222/IMG_0120.JPG,,,,IMG_0120.JPG,2017-02-15 03:16:34,"鼠",NA,NA,NA,1,NA,"NA",NA
http://twebi.net/ct_annotation/images/test/HC/HC20B/1060207-1060222/IMG_0121.JPG,,,,IMG_0121.JPG,2017-02-15 03:16:35,"鼠",NA,NA,NA,1,NA,"NA",NA
http://twebi.net/ct_annotation/images/test/HC/HC20B/1060207-1060222/IMG_0122.JPG,,,,IMG_0122.JPG,2017-02-15 03:16:35,"鼠",NA,NA,NA,1,NA,"NA",NA
http://twebi.net/ct_annotation/images/test/HC/HC20B/1060207-1060222/IMG_0123.JPG,,,,IMG_0123.JPG,2017-02-15 12:00:00,"12:00:00測試",NA,NA,NA,1,NA,"12:00:00 test",NA
http://twebi.net/ct_annotation/images/test/HC/HC20B/1060207-1060222/IMG_0124.JPG,,,,IMG_0124.JPG,2017-02-15 21:53:07,"鼠",NA,NA,NA,1,NA,"NA",NA
http://twebi.net/ct_annotation/images/test/HC/HC20B/1060207-1060222/IMG_0125.JPG,,,,IMG_0125.JPG,2017-02-15 21:53:08,"鼠",NA,NA,NA,1,NA,"NA",NA
http://twebi.net/ct_annotation/images/test/HC/HC20B/1060207-1060222/IMG_0126.JPG,,,,IMG_0126.JPG,2017-02-15 21:53:08,"鼠",NA,NA,NA,1,NA,"NA",NA
http://twebi.net/ct_annotation/images/test/HC/HC20B/1060207-1060222/IMG_0127.JPG,,,,IMG_0127.JPG,2017-02-15 22:53:29,"山羌","female","adult",NA,1,NA,"Muntiacus reevesi micrurus",NA
http://twebi.net/ct_annotation/images/test/HC/HC20B/1060207-1060222/IMG_0128.JPG,,,,IMG_0128.JPG,2017-02-15 22:53:30,"山羌","female","adult",NA,1,NA,"Muntiacus reevesi micrurus",NA
http://twebi.net/ct_annotation/images/test/HC/HC20B/1060207-1060222/IMG_0129.JPG,,,,IMG_0129.JPG,2017-02-15 22:53:30,"山羌","female","adult",NA,1,NA,"Muntiacus reevesi micrurus",NA
http://twebi.net/ct_annotation/images/test/HC/HC20B/1060207-1060222/IMG_0130.JPG,,,,IMG_0130.JPG,2017-02-15 23:27:03,"鼬獾",NA,NA,NA,1,NA,"Melogale moschata subaurantiaca",NA
http://twebi.net/ct_annotation/images/test/HC/HC20B/1060207-1060222/IMG_0131.JPG,,,,IMG_0131.JPG,2017-02-15 23:27:04,"鼬獾",NA,NA,NA,1,NA,"Melogale moschata subaurantiaca",NA
http://twebi.net/ct_annotation/images/test/HC/HC20B/1060207-1060222/IMG_0132.JPG,,,,IMG_0132.JPG,2017-02-15 23:27:04,"鼬獾",NA,NA,NA,1,NA,"Melogale moschata subaurantiaca",NA
http://twebi.net/ct_annotation/images/test/HC/HC20B/1060207-1060222/IMG_0133.JPG,,,,IMG_0133.JPG,2017-02-16 03:56:09,"鼠",NA,NA,NA,1,NA,"NA",NA
http://twebi.net/ct_annotation/images/test/HC/HC20B/1060207-1060222/IMG_0134.JPG,,,,IMG_0134.JPG,2017-02-16 03:56:10,"鼠",NA,NA,NA,1,NA,"NA",NA
http://twebi.net/ct_annotation/images/test/HC/HC20B/1060207-1060222/IMG_0135.JPG,,,,IMG_0135.JPG,2017-02-16 03:56:11,"鼠",NA,NA,NA,1,NA,"NA",NA
http://twebi.net/ct_annotation/images/test/HC/HC20B/1060207-1060222/IMG_0136.JPG,,,,IMG_0136.JPG,2017-02-16 03:56:12,"鼠",NA,NA,NA,1,NA,"NA",NA
http://twebi.net/ct_annotation/images/test/HC/HC20B/1060207-1060222/IMG_0137.JPG,,,,IMG_0137.JPG,2017-02-16 03:56:12,"鼠",NA,NA,NA,1,NA,"NA",NA
http://twebi.net/ct_annotation/images/test/HC/HC20B/1060207-1060222/IMG_0138.JPG,,,,IMG_0138.JPG,2017-02-16 03:56:13,"鼠",NA,NA,NA,1,NA,"NA",NA
http://twebi.net/ct_annotation/images/test/HC/HC20B/1060207-1060222/IMG_0139.JPG,,,,IMG_0139.JPG,2017-02-16 04:49:43,"鼬獾",NA,NA,NA,1,NA,"Melogale moschata subaurantiaca",NA
http://twebi.net/ct_annotation/images/test/HC/HC20B/1060207-1060222/IMG_0140.JPG,,,,IMG_0140.JPG,2017-02-16 04:49:43,"鼬獾",NA,NA,NA,1,NA,"Melogale moschata subaurantiaca",NA
http://twebi.net/ct_annotation/images/test/HC/HC20B/1060207-1060222/IMG_0141.JPG,,,,IMG_0141.JPG,2017-02-16 04:49:44,"鼬獾",NA,NA,NA,1,NA,"Melogale moschata subaurantiaca",NA
http://twebi.net/ct_annotation/images/test/HC/HC20B/1060207-1060222/IMG_0142.JPG,,,,IMG_0142.JPG,2017-02-16 12:00:00,"12:00:00測試",NA,NA,NA,1,NA,"12:00:00 test",NA
http://twebi.net/ct_annotation/images/test/HC/HC20B/1060207-1060222/IMG_0143.JPG,,,,IMG_0143.JPG,2017-02-16 21:28:42,"鼠",NA,NA,NA,1,NA,"NA",NA
http://twebi.net/ct_annotation/images/test/HC/HC20B/1060207-1060222/IMG_0144.JPG,,,,IMG_0144.JPG,2017-02-16 21:28:42,"鼠",NA,NA,NA,1,NA,"NA",NA
http://twebi.net/ct_annotation/images/test/HC/HC20B/1060207-1060222/IMG_0145.JPG,,,,IMG_0145.JPG,2017-02-16 21:28:43,"鼠",NA,NA,NA,1,NA,"NA",NA
http://twebi.net/ct_annotation/images/test/HC/HC20B/1060207-1060222/IMG_0146.JPG,,,,IMG_0146.JPG,2017-02-16 22:05:04,"鼠",NA,NA,NA,1,NA,"NA",NA
http://twebi.net/ct_annotation/images/test/HC/HC20B/1060207-1060222/IMG_0147.JPG,,,,IMG_0147.JPG,2017-02-16 22:05:05,"鼠",NA,NA,NA,1,NA,"NA",NA
http://twebi.net/ct_annotation/images/test/HC/HC20B/1060207-1060222/IMG_0148.JPG,,,,IMG_0148.JPG,2017-02-16 22:05:05,"鼠",NA,NA,NA,1,NA,"NA",NA
http://twebi.net/ct_annotation/images/test/HC/HC20B/1060207-1060222/IMG_0149.JPG,,,,IMG_0149.JPG,2017-02-16 23:40:58,"鼬獾",NA,NA,NA,1,NA,"Melogale moschata subaurantiaca",NA
http://twebi.net/ct_annotation/images/test/HC/HC20B/1060207-1060222/IMG_0150.JPG,,,,IMG_0150.JPG,2017-02-16 23:40:59,"鼬獾",NA,NA,NA,1,NA,"Melogale moschata subaurantiaca",NA
http://twebi.net/ct_annotation/images/test/HC/HC20B/1060207-1060222/IMG_0151.JPG,,,,IMG_0151.JPG,2017-02-16 23:41:00,"鼬獾",NA,NA,NA,1,NA,"Melogale moschata subaurantiaca",NA
http://twebi.net/ct_annotation/images/test/HC/HC20B/1060207-1060222/IMG_0152.JPG,,,,IMG_0152.JPG,2017-02-17 12:00:00,"12:00:00測試",NA,NA,NA,1,NA,"12:00:00 test",NA
http://twebi.net/ct_annotation/images/test/HC/HC20B/1060207-1060222/IMG_0153.JPG,,,,IMG_0153.JPG,2017-02-17 18:58:02,"鼬獾",NA,NA,NA,1,NA,"Melogale moschata subaurantiaca",NA
http://twebi.net/ct_annotation/images/test/HC/HC20B/1060207-1060222/IMG_0154.JPG,,,,IMG_0154.JPG,2017-02-17 18:58:03,"鼬獾",NA,NA,NA,1,NA,"Melogale moschata subaurantiaca",NA
http://twebi.net/ct_annotation/images/test/HC/HC20B/1060207-1060222/IMG_0155.JPG,,,,IMG_0155.JPG,2017-02-17 18:58:04,"鼬獾",NA,NA,NA,1,NA,"Melogale moschata subaurantiaca",NA
http://twebi.net/ct_annotation/images/test/HC/HC20B/1060207-1060222/IMG_0156.JPG,,,,IMG_0156.JPG,2017-02-17 18:58:05,"鼬獾",NA,NA,NA,1,NA,"Melogale moschata subaurantiaca",NA
http://twebi.net/ct_annotation/images/test/HC/HC20B/1060207-1060222/IMG_0157.JPG,,,,IMG_0157.JPG,2017-02-17 18:58:06,"鼬獾",NA,NA,NA,1,NA,"Melogale moschata subaurantiaca",NA
http://twebi.net/ct_annotation/images/test/HC/HC20B/1060207-1060222/IMG_0158.JPG,,,,IMG_0158.JPG,2017-02-17 18:58:07,"鼬獾",NA,NA,NA,1,NA,"Melogale moschata subaurantiaca",NA
http://twebi.net/ct_annotation/images/test/HC/HC20B/1060207-1060222/IMG_0159.JPG,,,,IMG_0159.JPG,2017-02-17 18:58:08,"鼬獾",NA,NA,NA,1,NA,"Melogale moschata subaurantiaca",NA
http://twebi.net/ct_annotation/images/test/HC/HC20B/1060207-1060222/IMG_0160.JPG,,,,IMG_0160.JPG,2017-02-17 18:58:08,"鼬獾",NA,NA,NA,1,NA,"Melogale moschata subaurantiaca",NA
http://twebi.net/ct_annotation/images/test/HC/HC20B/1060207-1060222/IMG_0161.JPG,,,,IMG_0161.JPG,2017-02-17 18:58:09,"鼬獾",NA,NA,NA,1,NA,"Melogale moschata subaurantiaca",NA
http://twebi.net/ct_annotation/images/test/HC/HC20B/1060207-1060222/IMG_0162.JPG,,,,IMG_0162.JPG,2017-02-18 01:56:18,"鼠",NA,NA,NA,1,NA,"NA",NA
http://twebi.net/ct_annotation/images/test/HC/HC20B/1060207-1060222/IMG_0163.JPG,,,,IMG_0163.JPG,2017-02-18 01:56:19,"空拍",NA,NA,NA,1,NA,"nothing",NA
http://twebi.net/ct_annotation/images/test/HC/HC20B/1060207-1060222/IMG_0164.JPG,,,,IMG_0164.JPG,2017-02-18 01:56:19,"空拍",NA,NA,NA,1,NA,"nothing",NA
http://twebi.net/ct_annotation/images/test/HC/HC20B/1060207-1060222/IMG_0165.JPG,,,,IMG_0165.JPG,2017-02-18 12:00:00,"12:00:00測試",NA,NA,NA,1,NA,"12:00:00 test",NA
http://twebi.net/ct_annotation/images/test/HC/HC20B/1060207-1060222/IMG_0166.JPG,,,,IMG_0166.JPG,2017-02-19 00:41:20,"鼠",NA,NA,NA,1,NA,"NA",NA
http://twebi.net/ct_annotation/images/test/HC/HC20B/1060207-1060222/IMG_0167.JPG,,,,IMG_0167.JPG,2017-02-19 00:41:21,"鼠",NA,NA,NA,1,NA,"NA",NA
http://twebi.net/ct_annotation/images/test/HC/HC20B/1060207-1060222/IMG_0168.JPG,,,,IMG_0168.JPG,2017-02-19 00:41:22,"鼠",NA,NA,NA,1,NA,"NA",NA
http://twebi.net/ct_annotation/images/test/HC/HC20B/1060207-1060222/IMG_0169.JPG,,,,IMG_0169.JPG,2017-02-19 12:00:00,"12:00:00測試",NA,NA,NA,1,NA,"12:00:00 test",NA
http://twebi.net/ct_annotation/images/test/HC/HC20B/1060207-1060222/IMG_0170.JPG,,,,IMG_0170.JPG,2017-02-19 22:43:21,"鼬獾",NA,NA,NA,1,NA,"Melogale moschata subaurantiaca",NA
http://twebi.net/ct_annotation/images/test/HC/HC20B/1060207-1060222/IMG_0171.JPG,,,,IMG_0171.JPG,2017-02-19 22:43:22,"鼬獾",NA,NA,NA,1,NA,"Melogale moschata subaurantiaca",NA
http://twebi.net/ct_annotation/images/test/HC/HC20B/1060207-1060222/IMG_0172.JPG,,,,IMG_0172.JPG,2017-02-19 22:43:22,"鼬獾",NA,NA,NA,1,NA,"Melogale moschata subaurantiaca",NA
http://twebi.net/ct_annotation/images/test/HC/HC20B/1060207-1060222/IMG_0173.JPG,,,,IMG_0173.JPG,2017-02-19 22:43:29,"鼬獾",NA,NA,NA,1,NA,"Melogale moschata subaurantiaca",NA
http://twebi.net/ct_annotation/images/test/HC/HC20B/1060207-1060222/IMG_0174.JPG,,,,IMG_0174.JPG,2017-02-19 22:43:30,"鼬獾",NA,NA,NA,1,NA,"Melogale moschata subaurantiaca",NA
http://twebi.net/ct_annotation/images/test/HC/HC20B/1060207-1060222/IMG_0175.JPG,,,,IMG_0175.JPG,2017-02-19 22:43:30,"鼬獾",NA,NA,NA,1,NA,"Melogale moschata subaurantiaca",NA
http://twebi.net/ct_annotation/images/test/HC/HC20B/1060207-1060222/IMG_0176.JPG,,,,IMG_0176.JPG,2017-02-20 00:45:13,"空拍",NA,NA,NA,1,NA,"nothing",NA
http://twebi.net/ct_annotation/images/test/HC/HC20B/1060207-1060222/IMG_0177.JPG,,,,IMG_0177.JPG,2017-02-20 00:45:14,"空拍",NA,NA,NA,1,NA,"nothing",NA
http://twebi.net/ct_annotation/images/test/HC/HC20B/1060207-1060222/IMG_0178.JPG,,,,IMG_0178.JPG,2017-02-20 00:45:14,"空拍",NA,NA,NA,1,NA,"nothing",NA
http://twebi.net/ct_annotation/images/test/HC/HC20B/1060207-1060222/IMG_0179.JPG,,,,IMG_0179.JPG,2017-02-20 00:45:25,"空拍",NA,NA,NA,1,NA,"nothing",NA
http://twebi.net/ct_annotation/images/test/HC/HC20B/1060207-1060222/IMG_0180.JPG,,,,IMG_0180.JPG,2017-02-20 00:45:25,"山羌","male","adult",NA,1,NA,"Muntiacus reevesi micrurus",NA
http://twebi.net/ct_annotation/images/test/HC/HC20B/1060207-1060222/IMG_0181.JPG,,,,IMG_0181.JPG,2017-02-20 00:45:26,"山羌","male","adult",NA,1,NA,"Muntiacus reevesi micrurus",NA
http://twebi.net/ct_annotation/images/test/HC/HC20B/1060207-1060222/IMG_0182.JPG,,,,IMG_0182.JPG,2017-02-20 00:45:27,"山羌","male","adult",NA,1,NA,"Muntiacus reevesi micrurus",NA
http://twebi.net/ct_annotation/images/test/HC/HC20B/1060207-1060222/IMG_0183.JPG,,,,IMG_0183.JPG,2017-02-20 00:45:28,"山羌","male","adult",NA,1,NA,"Muntiacus reevesi micrurus",NA
http://twebi.net/ct_annotation/images/test/HC/HC20B/1060207-1060222/IMG_0184.JPG,,,,IMG_0184.JPG,2017-02-20 00:45:28,"山羌","male","adult",NA,1,NA,"Muntiacus reevesi micrurus",NA
http://twebi.net/ct_annotation/images/test/HC/HC20B/1060207-1060222/IMG_0185.JPG,,,,IMG_0185.JPG,2017-02-20 00:45:33,"山羌","male","adult",NA,1,NA,"Muntiacus reevesi micrurus",NA
http://twebi.net/ct_annotation/images/test/HC/HC20B/1060207-1060222/IMG_0186.JPG,,,,IMG_0186.JPG,2017-02-20 00:45:35,"山羌","male","adult",NA,1,NA,"Muntiacus reevesi micrurus",NA
http://twebi.net/ct_annotation/images/test/HC/HC20B/1060207-1060222/IMG_0187.JPG,,,,IMG_0187.JPG,2017-02-20 00:45:35,"山羌","male","adult",NA,1,NA,"Muntiacus reevesi micrurus",NA
http://twebi.net/ct_annotation/images/test/HC/HC20B/1060207-1060222/IMG_0188.JPG,,,,IMG_0188.JPG,2017-02-20 00:45:37,"山羌","male","adult",NA,1,NA,"Muntiacus reevesi micrurus",NA
http://twebi.net/ct_annotation/images/test/HC/HC20B/1060207-1060222/IMG_0189.JPG,,,,IMG_0189.JPG,2017-02-20 00:45:37,"山羌","male","adult",NA,1,NA,"Muntiacus reevesi micrurus",NA
http://twebi.net/ct_annotation/images/test/HC/HC20B/1060207-1060222/IMG_0190.JPG,,,,IMG_0190.JPG,2017-02-20 00:45:38,"山羌","male","adult",NA,1,NA,"Muntiacus reevesi micrurus",NA
http://twebi.net/ct_annotation/images/test/HC/HC20B/1060207-1060222/IMG_0191.JPG,,,,IMG_0191.JPG,2017-02-20 00:45:39,"山羌","male","adult",NA,1,NA,"Muntiacus reevesi micrurus",NA
http://twebi.net/ct_annotation/images/test/HC/HC20B/1060207-1060222/IMG_0192.JPG,,,,IMG_0192.JPG,2017-02-20 00:45:40,"山羌","male","adult",NA,1,NA,"Muntiacus reevesi micrurus",NA
http://twebi.net/ct_annotation/images/test/HC/HC20B/1060207-1060222/IMG_0193.JPG,,,,IMG_0193.JPG,2017-02-20 00:45:41,"山羌","male","adult",NA,1,NA,"Muntiacus reevesi micrurus",NA
http://twebi.net/ct_annotation/images/test/HC/HC20B/1060207-1060222/IMG_0194.JPG,,,,IMG_0194.JPG,2017-02-20 00:45:42,"山羌","male","adult",NA,1,NA,"Muntiacus reevesi micrurus",NA
http://twebi.net/ct_annotation/images/test/HC/HC20B/1060207-1060222/IMG_0195.JPG,,,,IMG_0195.JPG,2017-02-20 00:45:44,"山羌","male","adult",NA,1,NA,"Muntiacus reevesi micrurus",NA
http://twebi.net/ct_annotation/images/test/HC/HC20B/1060207-1060222/IMG_0196.JPG,,,,IMG_0196.JPG,2017-02-20 00:45:44,"山羌","male","adult",NA,1,NA,"Muntiacus reevesi micrurus",NA
http://twebi.net/ct_annotation/images/test/HC/HC20B/1060207-1060222/IMG_0197.JPG,,,,IMG_0197.JPG,2017-02-20 00:45:45,"山羌","male","adult",NA,1,NA,"Muntiacus reevesi micrurus",NA
http://twebi.net/ct_annotation/images/test/HC/HC20B/1060207-1060222/IMG_0198.JPG,,,,IMG_0198.JPG,2017-02-20 00:45:47,"山羌","male","adult",NA,1,NA,"Muntiacus reevesi micrurus",NA
http://twebi.net/ct_annotation/images/test/HC/HC20B/1060207-1060222/IMG_0199.JPG,,,,IMG_0199.JPG,2017-02-20 00:45:48,"山羌","male","adult",NA,1,NA,"Muntiacus reevesi micrurus",NA
http://twebi.net/ct_annotation/images/test/HC/HC20B/1060207-1060222/IMG_0200.JPG,,,,IMG_0200.JPG,2017-02-20 00:45:49,"山羌","male","adult",NA,1,NA,"Muntiacus reevesi micrurus",NA
http://twebi.net/ct_annotation/images/test/HC/HC20B/1060207-1060222/IMG_0201.JPG,,,,IMG_0201.JPG,2017-02-20 00:45:50,"山羌","male","adult",NA,1,NA,"Muntiacus reevesi micrurus",NA
http://twebi.net/ct_annotation/images/test/HC/HC20B/1060207-1060222/IMG_0202.JPG,,,,IMG_0202.JPG,2017-02-20 00:45:50,"山羌","male","adult",NA,1,NA,"Muntiacus reevesi micrurus",NA
http://twebi.net/ct_annotation/images/test/HC/HC20B/1060207-1060222/IMG_0203.JPG,,,,IMG_0203.JPG,2017-02-20 00:45:53,"山羌","male","adult",NA,1,NA,"Muntiacus reevesi micrurus",NA
http://twebi.net/ct_annotation/images/test/HC/HC20B/1060207-1060222/IMG_0204.JPG,,,,IMG_0204.JPG,2017-02-20 00:45:54,"山羌","male","adult",NA,1,NA,"Muntiacus reevesi micrurus",NA
http://twebi.net/ct_annotation/images/test/HC/HC20B/1060207-1060222/IMG_0205.JPG,,,,IMG_0205.JPG,2017-02-20 00:45:54,"山羌","male","adult",NA,1,NA,"Muntiacus reevesi micrurus",NA
http://twebi.net/ct_annotation/images/test/HC/HC20B/1060207-1060222/IMG_0206.JPG,,,,IMG_0206.JPG,2017-02-20 00:45:58,"山羌","male","adult",NA,1,NA,"Muntiacus reevesi micrurus",NA
http://twebi.net/ct_annotation/images/test/HC/HC20B/1060207-1060222/IMG_0207.JPG,,,,IMG_0207.JPG,2017-02-20 00:45:59,"山羌","male","adult",NA,1,NA,"Muntiacus reevesi micrurus",NA
http://twebi.net/ct_annotation/images/test/HC/HC20B/1060207-1060222/IMG_0208.JPG,,,,IMG_0208.JPG,2017-02-20 00:45:59,"山羌","male","adult",NA,1,NA,"Muntiacus reevesi micrurus",NA
http://twebi.net/ct_annotation/images/test/HC/HC20B/1060207-1060222/IMG_0209.JPG,,,,IMG_0209.JPG,2017-02-20 00:46:01,"山羌","male","adult",NA,1,NA,"Muntiacus reevesi micrurus",NA
http://twebi.net/ct_annotation/images/test/HC/HC20B/1060207-1060222/IMG_0210.JPG,,,,IMG_0210.JPG,2017-02-20 00:46:02,"山羌","male","adult",NA,1,NA,"Muntiacus reevesi micrurus",NA
http://twebi.net/ct_annotation/images/test/HC/HC20B/1060207-1060222/IMG_0211.JPG,,,,IMG_0211.JPG,2017-02-20 00:46:02,"山羌","male","adult",NA,1,NA,"Muntiacus reevesi micrurus",NA
http://twebi.net/ct_annotation/images/test/HC/HC20B/1060207-1060222/IMG_0212.JPG,,,,IMG_0212.JPG,2017-02-20 00:46:04,"山羌","male","adult",NA,1,NA,"Muntiacus reevesi micrurus",NA
http://twebi.net/ct_annotation/images/test/HC/HC20B/1060207-1060222/IMG_0213.JPG,,,,IMG_0213.JPG,2017-02-20 00:46:05,"山羌","male","adult",NA,1,NA,"Muntiacus reevesi micrurus",NA
http://twebi.net/ct_annotation/images/test/HC/HC20B/1060207-1060222/IMG_0214.JPG,,,,IMG_0214.JPG,2017-02-20 00:46:05,"山羌","male","adult",NA,1,NA,"Muntiacus reevesi micrurus",NA
http://twebi.net/ct_annotation/images/test/HC/HC20B/1060207-1060222/IMG_0215.JPG,,,,IMG_0215.JPG,2017-02-20 00:46:08,"山羌","male","adult",NA,1,NA,"Muntiacus reevesi micrurus",NA
http://twebi.net/ct_annotation/images/test/HC/HC20B/1060207-1060222/IMG_0216.JPG,,,,IMG_0216.JPG,2017-02-20 00:46:09,"山羌","male","adult",NA,1,NA,"Muntiacus reevesi micrurus",NA
http://twebi.net/ct_annotation/images/test/HC/HC20B/1060207-1060222/IMG_0217.JPG,,,,IMG_0217.JPG,2017-02-20 00:46:09,"山羌","male","adult",NA,1,NA,"Muntiacus reevesi micrurus",NA
http://twebi.net/ct_annotation/images/test/HC/HC20B/1060207-1060222/IMG_0218.JPG,,,,IMG_0218.JPG,2017-02-20 00:46:11,"山羌","male","adult",NA,1,NA,"Muntiacus reevesi micrurus",NA
http://twebi.net/ct_annotation/images/test/HC/HC20B/1060207-1060222/IMG_0219.JPG,,,,IMG_0219.JPG,2017-02-20 00:46:12,"山羌","male","adult",NA,1,NA,"Muntiacus reevesi micrurus",NA
http://twebi.net/ct_annotation/images/test/HC/HC20B/1060207-1060222/IMG_0220.JPG,,,,IMG_0220.JPG,2017-02-20 00:46:13,"山羌","male","adult",NA,1,NA,"Muntiacus reevesi micrurus",NA
http://twebi.net/ct_annotation/images/test/HC/HC20B/1060207-1060222/IMG_0221.JPG,,,,IMG_0221.JPG,2017-02-20 00:46:20,"山羌","male","adult",NA,1,NA,"Muntiacus reevesi micrurus",NA
http://twebi.net/ct_annotation/images/test/HC/HC20B/1060207-1060222/IMG_0222.JPG,,,,IMG_0222.JPG,2017-02-20 00:46:21,"山羌","male","adult",NA,1,NA,"Muntiacus reevesi micrurus",NA
http://twebi.net/ct_annotation/images/test/HC/HC20B/1060207-1060222/IMG_0223.JPG,,,,IMG_0223.JPG,2017-02-20 00:46:21,"山羌","male","adult",NA,1,NA,"Muntiacus reevesi micrurus",NA
http://twebi.net/ct_annotation/images/test/HC/HC20B/1060207-1060222/IMG_0224.JPG,,,,IMG_0224.JPG,2017-02-20 00:46:24,"山羌","male","adult",NA,1,NA,"Muntiacus reevesi micrurus",NA
http://twebi.net/ct_annotation/images/test/HC/HC20B/1060207-1060222/IMG_0225.JPG,,,,IMG_0225.JPG,2017-02-20 00:46:25,"山羌","male","adult",NA,1,NA,"Muntiacus reevesi micrurus",NA
http://twebi.net/ct_annotation/images/test/HC/HC20B/1060207-1060222/IMG_0226.JPG,,,,IMG_0226.JPG,2017-02-20 00:46:25,"山羌","male","adult",NA,1,NA,"Muntiacus reevesi micrurus",NA
http://twebi.net/ct_annotation/images/test/HC/HC20B/1060207-1060222/IMG_0227.JPG,,,,IMG_0227.JPG,2017-02-20 00:46:38,"山羌","male","adult",NA,1,NA,"Muntiacus reevesi micrurus",NA
http://twebi.net/ct_annotation/images/test/HC/HC20B/1060207-1060222/IMG_0228.JPG,,,,IMG_0228.JPG,2017-02-20 00:46:39,"山羌","male","adult",NA,1,NA,"Muntiacus reevesi micrurus",NA
http://twebi.net/ct_annotation/images/test/HC/HC20B/1060207-1060222/IMG_0229.JPG,,,,IMG_0229.JPG,2017-02-20 00:46:39,"山羌","male","adult",NA,1,NA,"Muntiacus reevesi micrurus",NA
http://twebi.net/ct_annotation/images/test/HC/HC20B/1060207-1060222/IMG_0230.JPG,,,,IMG_0230.JPG,2017-02-20 00:46:52,"山羌","male","adult",NA,1,NA,"Muntiacus reevesi micrurus",NA
http://twebi.net/ct_annotation/images/test/HC/HC20B/1060207-1060222/IMG_0231.JPG,,,,IMG_0231.JPG,2017-02-20 00:46:53,"山羌","male","adult",NA,1,NA,"Muntiacus reevesi micrurus",NA
http://twebi.net/ct_annotation/images/test/HC/HC20B/1060207-1060222/IMG_0232.JPG,,,,IMG_0232.JPG,2017-02-20 00:46:54,"山羌","male","adult",NA,1,NA,"Muntiacus reevesi micrurus",NA
http://twebi.net/ct_annotation/images/test/HC/HC20B/1060207-1060222/IMG_0233.JPG,,,,IMG_0233.JPG,2017-02-20 00:47:04,"山羌","male","adult",NA,1,NA,"Muntiacus reevesi micrurus",NA
http://twebi.net/ct_annotation/images/test/HC/HC20B/1060207-1060222/IMG_0234.JPG,,,,IMG_0234.JPG,2017-02-20 00:47:05,"山羌","male","adult",NA,1,NA,"Muntiacus reevesi micrurus",NA
http://twebi.net/ct_annotation/images/test/HC/HC20B/1060207-1060222/IMG_0235.JPG,,,,IMG_0235.JPG,2017-02-20 00:47:06,"山羌","male","adult",NA,1,NA,"Muntiacus reevesi micrurus",NA
http://twebi.net/ct_annotation/images/test/HC/HC20B/1060207-1060222/IMG_0236.JPG,,,,IMG_0236.JPG,2017-02-20 00:47:08,"山羌","male","adult",NA,1,NA,"Muntiacus reevesi micrurus",NA
http://twebi.net/ct_annotation/images/test/HC/HC20B/1060207-1060222/IMG_0237.JPG,,,,IMG_0237.JPG,2017-02-20 00:47:09,"山羌","male","adult",NA,1,NA,"Muntiacus reevesi micrurus",NA
http://twebi.net/ct_annotation/images/test/HC/HC20B/1060207-1060222/IMG_0238.JPG,,,,IMG_0238.JPG,2017-02-20 00:47:09,"山羌","male","adult",NA,1,NA,"Muntiacus reevesi micrurus",NA
http://twebi.net/ct_annotation/images/test/HC/HC20B/1060207-1060222/IMG_0239.JPG,,,,IMG_0239.JPG,2017-02-20 00:47:10,"山羌","male","adult",NA,1,NA,"Muntiacus reevesi micrurus",NA
http://twebi.net/ct_annotation/images/test/HC/HC20B/1060207-1060222/IMG_0240.JPG,,,,IMG_0240.JPG,2017-02-20 00:47:11,"山羌","male","adult",NA,1,NA,"Muntiacus reevesi micrurus",NA
http://twebi.net/ct_annotation/images/test/HC/HC20B/1060207-1060222/IMG_0241.JPG,,,,IMG_0241.JPG,2017-02-20 00:47:12,"山羌","male","adult",NA,1,NA,"Muntiacus reevesi micrurus",NA
http://twebi.net/ct_annotation/images/test/HC/HC20B/1060207-1060222/IMG_0242.JPG,,,,IMG_0242.JPG,2017-02-20 00:47:15,"空拍",NA,NA,NA,1,NA,"nothing",NA
http://twebi.net/ct_annotation/images/test/HC/HC20B/1060207-1060222/IMG_0243.JPG,,,,IMG_0243.JPG,2017-02-20 00:47:16,"空拍",NA,NA,NA,1,NA,"nothing",NA
http://twebi.net/ct_annotation/images/test/HC/HC20B/1060207-1060222/IMG_0244.JPG,,,,IMG_0244.JPG,2017-02-20 00:47:17,"空拍",NA,NA,NA,1,NA,"nothing",NA
http://twebi.net/ct_annotation/images/test/HC/HC20B/1060207-1060222/IMG_0245.JPG,,,,IMG_0245.JPG,2017-02-20 01:05:51,"鼬獾",NA,NA,NA,1,NA,"Melogale moschata subaurantiaca",NA
http://twebi.net/ct_annotation/images/test/HC/HC20B/1060207-1060222/IMG_0246.JPG,,,,IMG_0246.JPG,2017-02-20 01:05:52,"鼬獾",NA,NA,NA,1,NA,"Melogale moschata subaurantiaca",NA
http://twebi.net/ct_annotation/images/test/HC/HC20B/1060207-1060222/IMG_0247.JPG,,,,IMG_0247.JPG,2017-02-20 01:05:53,"鼬獾",NA,NA,NA,1,NA,"Melogale moschata subaurantiaca",NA
http://twebi.net/ct_annotation/images/test/HC/HC20B/1060207-1060222/IMG_0248.JPG,,,,IMG_0248.JPG,2017-02-20 12:00:00,"12:00:00測試",NA,NA,NA,1,NA,"12:00:00 test",NA
http://twebi.net/ct_annotation/images/test/HC/HC20B/1060207-1060222/IMG_0249.JPG,,,,IMG_0249.JPG,2017-02-20 20:38:24,"鼬獾",NA,NA,NA,1,NA,"Melogale moschata subaurantiaca",NA
http://twebi.net/ct_annotation/images/test/HC/HC20B/1060207-1060222/IMG_0250.JPG,,,,IMG_0250.JPG,2017-02-20 20:38:25,"鼬獾",NA,NA,NA,1,NA,"Melogale moschata subaurantiaca",NA
http://twebi.net/ct_annotation/images/test/HC/HC20B/1060207-1060222/IMG_0251.JPG,,,,IMG_0251.JPG,2017-02-20 20:38:25,"鼬獾",NA,NA,NA,1,NA,"Melogale moschata subaurantiaca",NA
http://twebi.net/ct_annotation/images/test/HC/HC20B/1060207-1060222/IMG_0252.JPG,,,,IMG_0252.JPG,2017-02-21 03:23:42,"鼬獾",NA,NA,NA,1,NA,"Melogale moschata subaurantiaca",NA
http://twebi.net/ct_annotation/images/test/HC/HC20B/1060207-1060222/IMG_0253.JPG,,,,IMG_0253.JPG,2017-02-21 03:23:43,"鼬獾",NA,NA,NA,1,NA,"Melogale moschata subaurantiaca",NA
http://twebi.net/ct_annotation/images/test/HC/HC20B/1060207-1060222/IMG_0254.JPG,,,,IMG_0254.JPG,2017-02-21 03:23:44,"鼬獾",NA,NA,NA,1,NA,"Melogale moschata subaurantiaca",NA
http://twebi.net/ct_annotation/images/test/HC/HC20B/1060207-1060222/IMG_0255.JPG,,,,IMG_0255.JPG,2017-02-21 12:00:00,"12:00:00測試",NA,NA,NA,1,NA,"12:00:00 test",NA
